num,nombre,partido,eleccion,entidad,camara,propietario,twitter,facebook,youtube,pagina_personal
1,Abreu Artiñano Rocío Adriana,PRI,Mayoría Relativa,Campeche,D,PROPIETARIO,RAbreuA,Rocio Abreu,,
2,Aceves del Olmo Carlos Humberto,PRI,Representación Proporcional,Distrito Federal,D,PROPIETARIO,,Carlos Aceves del Olmo,,
3,Acosta Croda Rafael,PAN,Mayoría Relativa,Veracruz,D,PROPIETARIO,AcostaCrodaMX,Rafael Acosta Croda,Rafael Acosta Croda,
4,Acosta Montoya Rubén,PVEM,Representación Proporcional,Chihuahua,D,PROPIETARIO,,,,
5,Acosta Peña Brasil Alberto,PRI,Representación Proporcional,México,D,PROPIETARIO,AcolhuaTexcoco,Brasil Alberto Acosta Peña,,
6,Adame Alemán Juan Pablo,PAN,Representación Proporcional,Morelos,D,PROPIETARIO,JuanPabloAdame,Juan Pablo Adame,JuanPabloAdameA,
7,Aguayo López Miguel Ángel,PRI,Mayoría Relativa,Colima,D,PROPIETARIO,MiguelAguayoMX,MiguelAguayoMX,MiguelAguayoTV,
8,Aguila Torres Claudia Elena,PRD,Mayoría Relativa,Distrito Federal,D,PROPIETARIO,,claudiaelena.aguila,,
9,Aguilar Rodríguez Aurora de la Luz,PAN,Representación Proporcional,Tlaxcala,D,PROPIETARIO,AuroraAguilarR,,,
10,Aguilar Vega Marcos,PAN,Mayoría Relativa,Querétaro,D,PROPIETARIO,MarcosAguilar,marcos.aguilarvegaii,MarcosAguilarVega,www.diputadomarcosaguilar.com
11,Aguilar Gil Lilia,PT,Representación Proporcional,Chihuahua,D,PROPIETARIO,liliadiputada,Lilia Aguilar,Liliaguilar08,www.liliaaguilar.com
12,Alavez Ruiz Aleida,PRD,Mayoría Relativa,Distrito Federal,D,PROPIETARIO,ALEIDAALAVEZ,aleida.alavezruiz,Aleida Alavez,
13,Alcalá Padilla Leobardo,PRI,Mayoría Relativa,Jalisco,D,PROPIETARIO,Leobardo_Alcala,Leobardo Alcalá,Leobardo Alcalá Padilla,www.leobardoalcala.org.mx
14,Alcalde Luján Luisa María,MC,Representación Proporcional,Distrito Federal,D,PROPIETARIO,LuisaAlcalde,Luisa.Alcalde.12,,
15,Aldana Prieto Luis Ricardo,PRI,Representación Proporcional,Veracruz,D,PROPIETARIO,,,,
16,Algredo Jaramillo Edilberto,PRD,Mayoría Relativa,Tlaxcala,D,PROPIETARIO,AlgredoDip,Edilberto.algredojaramillo,edilbertoalgredo,
17,Allende Cano Ana Isabel,PRI,Mayoría Relativa,Puebla,D,PROPIETARIO,anitzaisa,nitzacano,,
18,Almaguer Torres Felipe de Jesús,PAN,Mayoría Relativa,San Luis Potosí,D,PROPIETARIO,felipedejesusal,,,
19,Alonso Morelli Humberto,PAN,Mayoría Relativa,Veracruz,D,PROPIETARIO,MorelliBoca,HumbertoAlonsoMorelli,Humberto Alonso Morelli,
20,Alonso Raya Agustín Miguel,PRD,Representación Proporcional,Guanajuato,D,PROPIETARIO,AlonsoRaya_,aalonsoraya,,
21,Alvarado Sánchez Brenda María Izontli,PRI,Mayoría Relativa,México,D,PROPIETARIO,Bren_Alvarado,BrendaAlvaradoSanches,BrendaAlvaradoS,
22,Álvarez Tovar Martha Berenice,PAN,Representación Proporcional,Michoacán,D,PROPIETARIO,BereAlvarezT,BereniceAlvarezT,,
23,Amaya Araujo María Elvia,PRI,Representación Proporcional,Baja California,D,PROPIETARIO,,MariaElviaAmayadeHank,,
24,Amaya Reyes María de Lourdes,PRD,Mayoría Relativa,Distrito Federal,D,PROPIETARIO,,,,
25,Anaya Cortés Ricardo,PAN,Representación Proporcional,Querétaro,D,PROPIETARIO,RicardoAnayaC,RicardoAnayaC,Ricardo Anaya PAN QRO,www.ricardoanaya.com.mx
26,Anaya Gudiño Alfredo,PRI,Representación Proporcional,Michoacán,D,PROPIETARIO,,,,
27,Anaya Gutiérrez Alberto,PT,Representación Proporcional,Nuevo León,D,PROPIETARIO,,,,
28,Anaya Llamas José Guillermo,PAN,Representación Proporcional,Coahuila,D,PROPIETARIO,memo_anaya,Guillermo-Anaya-Llamas,MemoAnayaCoah,
29,Angulo Parra Carlos Fernando,PAN,Mayoría Relativa,Chihuahua,D,PROPIETARIO,CarlosAnguloP,CarlosAnguloXjUarez,Carlos Fernando Angulo Parra,
30,Añorve Baños Manuel,PRI,Representación Proporcional,Guerrero,D,PROPIETARIO,manuelanorve,manuelanorve, manuelanorveTV,
31,Antonio Altamirano Carol,PRD,Mayoría Relativa,Oaxaca,D,PROPIETARIO,CarolAntonioA,DipCarol,Carol Antonio,
32,Aquino Calvo Juan Jesús,PAN,Representación Proporcional,Chiapas,D,PROPIETARIO,Juan_Aquino_,Juan-Aquino-Calvo,Juan Aquino Calvo,
33,Araujo de la Torre Elsa Patricia,PRI,Representación Proporcional,Tamaulipas,D,PROPIETARIO,,,,
34,Arellano Guzmán Salvador,PRI,Mayoría Relativa,Jalisco,D,PROPIETARIO,,chavarellano4,,
35,Argüelles Loya Consuelo,PAN,Representación Proporcional,Nuevo León,D,PROPIETARIO,CArguellesA,,,
36,Arias Pallares Luis Manuel,PRD,Representación Proporcional,Distrito Federal,D,PROPIETARIO,lariaspallares,luis.ariaspallares,,
37,Arroyo Ruiz Alma Jeanny,PRI,Mayoría Relativa,Veracruz,D,PROPIETARIO,Jeanny_arroyo,Jeanny Arroyo de Cienfuegos,Jeanny Arroyo,
38,Arroyo Vieyra Francisco Agustín,PRI,Representación Proporcional,Guanajuato,D,PROPIETARIO,farroyov,FranciscoArroyoVieyra,arroyovieyra,
39,Astiazarán Gutiérrez Antonio Francisco,PRI,Mayoría Relativa,Sonora,D,PROPIETARIO,tonoastiazaran,,,
40,Astudillo Suárez Ricardo,PVEM,Mayoría Relativa,Querétaro,D,PROPIETARIO,rastudillo2012,ricardo.astudillosuarez,Ricardo Astudillo,
41,Athie Flores Kamel,PRI,Mayoría Relativa,Chihuahua,D,PROPIETARIO,KamelAthie,kamelathie,Kamel Athie,
42,Aubry de Castro Palomino Enrique,PVEM,Mayoría Relativa,Jalisco,D,PROPIETARIO,EnriqueAubry,EnriqueAubry,,www.enriqueaubry.com.mx
43,Aureoles Conejo Silvano,PRD,Mayoría Relativa,Michoacán,D,PROPIETARIO,SILVANO_A,SilvanoAureoles,Silvano Aureoles,
44,Avila Pérez José Angel,PRD,Representación Proporcional,Distrito Federal,D,PROPIETARIO,JoseAngel_Avila,joseangel.avilaperez.5,José Ángel Ávila,
45,Ayala Robles Linares Flor de Rosa,PRI,Representación Proporcional,Sonora,D,PROPIETARIO,florayalar,FlorAyalaRoblesLinares,florayalar,
46,Azuara Zúñiga Xavier,PAN,Mayoría Relativa,San Luis Potosí,D,PROPIETARIO,XavierAzuaraSLP,xavierazuara,XazAzuaraSLP,
47,Badillo Ramírez Darío,PRI,Mayoría Relativa,Hidalgo,D,PROPIETARIO,,dario.badilloramirez.5,,
48,Barajas Del Toro Salvador,PRI,Mayoría Relativa,Jalisco,D,PROPIETARIO,Chava_Barajas_T,salvador.b.deltoro,,
49,Barba Mariscal Marco Antonio,PRI,Mayoría Relativa,Jalisco,D,PROPIETARIO,marco_barba,MarcoBarbaM,,
50,Barcenas Nieves Delvim Fabiola,PRI,Mayoría Relativa,Querétaro,D,PROPIETARIO,,,,
51,Barrera Barrera Petra,PRI,Mayoría Relativa,Guanajuato,D,PROPIETARIO,,PetraBarrera,,
52,Barrera Estrada Rodimiro,PRI,Mayoría Relativa,Michoacán,D,PROPIETARIO,,rodimiro.barreraestrada,Rodimiro Barrera Estrada,
53,Barrera Fortoul Laura,PRI,Mayoría Relativa,México,D,PROPIETARIO,LauraBarreraF,LBarreraFortoul,LauraBarreraFortoul,laurabarrerafortoul.net
54,Barrios Gómez Segués Agustín,PRD,Mayoría Relativa,Distrito Federal,D,PROPIETARIO,,Agustín-Barrios-Gómez,,
55,Barrueta Barón Noé,PRI,Mayoría Relativa,México,D,PROPIETARIO,noe_barrueta// NOEBARRUETA,noe.barruetabaron,NOEBARRUETADIPUTADO,
56,Rodrigo Chávez Contreras,PRD,Representación Proporcional,Distrito Federal,D,suplente,,rodrigo.chavezcontretas.1,,
57,Bautista Bravo Alliet Mariana,PRD,Mayoría Relativa,México,D,PROPIETARIO,allietmbautista,allietmariana.bautista.3,Alliet Bautista Bravo,
58,Bautista Cuevas Gloria,PRD,Mayoría Relativa,Oaxaca,D,PROPIETARIO,GloriaBautistaC,Gloria.bautistacuevas,,
59,Bautista López Víctor Manuel,PRD,Mayoría Relativa,México,D,PROPIETARIO,,victormanuel.bautistalopez.3,,
60,Bautista Villegas Óscar,PRI,Mayoría Relativa,San Luis Potosí,D,PROPIETARIO,OscarBV3,cumpliendocompromisos.OBV,,
61,Belaunzarán Méndez Fernando,PRD,Representación Proporcional,Distrito Federal,D,PROPIETARIO,ferbelaunzaran,fernando.belaunzaranmendez,Fernando Belaunzarán Méndez,
62,Beltrones Rivera Manlio Fabio,PRI,Representación Proporcional,Sonora,D,PROPIETARIO,MFBeltrones,Beltrones,Manlio Fabio Beltrones,www.beltrones.com
63,Benavides Castañeda José Alberto,PT,Mayoría Relativa,Distrito Federal,D,PROPIETARIO,,,,
64,Bernal Bolnik Sue Ellen,PRI,Mayoría Relativa,México,D,PROPIETARIO,Sue_Bernal,SueEllenBernal,,
65,Bernal Gutiérrez Andrés Marco Antonio,PRI,Representación Proporcional,Tamaulipas,D,PROPIETARIO,MarcoBernalG,MarcoA.BernalG,,
66,Berzunza Novelo Landy Margarita,PRI,Mayoría Relativa,Campeche,D,PROPIETARIO,,landy.berzunza,LandyBerzunza,
67,Blanco De Aquino Silvano,PRD,Mayoría Relativa,Guerrero,D,PROPIETARIO,SilvanoBlanco,silvanoblancodeaquino,Silvano Blanco,
68,Bojórquez Javier Claudia Elizabeth,PRD,Mayoría Relativa,Tabasco,D,PROPIETARIO,ClaudiaBojorque,Claudia-Bojorquez,,
69,Bonilla Gómez Adolfo,PRI,Mayoría Relativa,Zacatecas,D,PROPIETARIO,fitobonilla,Adolfo-FITO-Bonilla,,
70,Bonilla Jaime Juana,PRD,Representación Proporcional,México,D,PROPIETARIO,,juana.bonillajaime,,
71,Bonilla Valdez Jaime,PT,Representación Proporcional,Baja California,D,PROPIETARIO,Jaime_BonillaV,DipJaimeBonillaValdez,Jaime Bonilla,www.jaimebonilla.com
72,Borboa Becerra Omar Antonio,PAN,Mayoría Relativa,Jalisco,D,PROPIETARIO,OMARBORBOA10,,,
73,Borges Pasos Teresita de Jesús,PRD,Representación Proporcional,Yucatán,D,PROPIETARIO,tereborgespasos,tere.borgespaso,,
74,Botello Montes José Alfredo,PAN,Representación Proporcional,Querétaro,D,PROPIETARIO,,,,
75,Bribiesca Sahagún Fernando,PANAL,Representación Proporcional,Guanajuato,D,PROPIETARIO,Ferbribiesca,FernandoBribiesca,,
76,Brito Lara Tomás,PRD,Mayoría Relativa,Tabasco,D,PROPIETARIO,tomasbritolara,,,
77,Bueno Torio Juan,PAN,Representación Proporcional,Veracruz,D,PROPIETARIO,juanbuenot,jbuenotorio,Juan Bueno Torio,www.juanbueno.com.mx
78,Caamal Mena José Angelino,PANAL,Representación Proporcional,Campeche,D,PROPIETARIO,DipAngelinoCM,José-Angelino-Caamal,,
79,Caballero Garza Benito,PRI,Mayoría Relativa,Nuevo León,D,PROPIETARIO,benitocaballero,benito.caballerogarza.3,,
80,Caballero Rosiñol Joaquín,PRI,Mayoría Relativa,Veracruz,D,PROPIETARIO,Joaquin_Coatza,joaquin.caballerorosinol.3,joaquín caballero,
81,Cabañas Aparicio María Elia,PRI,Mayoría Relativa,Baja California,D,PROPIETARIO,,Maria-Elia-Cabañas-Aparicio,,
82,Cáceres de la Fuente Juan Francisco,PAN,Representación Proporcional,Tabasco,D,PROPIETARIO,jf_caceres,,,
83,Calderón Ramírez Leticia,PRI,Representación Proporcional,México,D,PROPIETARIO,LetiCalderonR,leticia.calderonramirez,Leticia Calderón Ramírez,
84,Calzada Arroyo Marco Antonio,PRI,Mayoría Relativa,México,D,PROPIETARIO,Marco_Calzada,marco.a.calzada.arroyo,,
85,Camarena García Felipe Arturo,PVEM,Mayoría Relativa,Guanajuato,D,PROPIETARIO,FelipeACamarena,felipe.camarenagarcia,,
86,Camarillo Ortega Rubén,PAN,Representación Proporcional,Aguascalientes,D,PROPIETARIO,,RubenCamarilloElCumplidos,,www.rubencamarillo.org.mx
87,Campos Córdova Lisandro Arístides,PRI,Mayoría Relativa,Puebla,D,PROPIETARIO,,lisandrocampos.cordova,,lisandrocampos.com
88,Cano Ayala María Elena,PRI,Representación Proporcional,Guanajuato,D,PROPIETARIO,,mariaelenacb1,,
89,Cantú Garza Ricardo,PT,Representación Proporcional,México,D,PROPIETARIO,,,,
90,Cantú Segovia Eloy,PRI,Representación Proporcional,Nuevo León,D,PROPIETARIO,EloyCantuS,Eloy-Cantú-Segovia,eloycantusegovia,www.eloycantu.org
91,Carbajal González Alejandro,PRD,Mayoría Relativa,Distrito Federal,D,PROPIETARIO,,Alejandro-Carbajal-González,,
92,Carbajal Hernández Juan Manuel,PRI,Mayoría Relativa,México,D,PROPIETARIO,JMCarbajalH,JMCarbajalh,carbajaltv,www.juanmanuelcarbajal.com
93,Cárdenas Cantú Miriam,PRI,Representación Proporcional,Coahuila,D,PROPIETARIO,MiriamCardenasC,miriam.cardenascantu,,
94,Cárdenas Del Avellano Enrique,PRI,Mayoría Relativa,Tamaulipas,D,PROPIETARIO,cardenasenrique,enrique.cardenasdelavellanoii ,EnriqueCardenas2012,www.enriquecardenas.org.mx
95,Cárdenas Guízar Gabriel de Jesús,PAN,Mayoría Relativa,Veracruz,D,PROPIETARIO,CardenasGabriel,gabriel.cardenasguizar,Gabriel Cárdenas de Jesús Guízar,
96,Carpinteyro Calderón Purificación,PRD,Mayoría Relativa,Distrito Federal,D,PROPIETARIO,Puri2010,puricarpinteyro,puricarpinteyro,
97,Carreño Mijares Angelina,PRI,Mayoría Relativa,México,D,PROPIETARIO,AngelinaCM_,Angelina-Carreño-Mijares,Angelina CM,
98,Carreño Muro Genaro,PAN,Mayoría Relativa,Guanajuato,D,PROPIETARIO,Genaro_Carreno,GenaroCarreno,GenaroCarreno,www.genarocarreno.com
99,Carreón Cervantes Verónica,PRI,Mayoría Relativa,Veracruz,D,PROPIETARIO,Vero_Carreon,Vero.Carreon.Cervantes,,
100,Carrillo Huerta Mario Miguel,PRD,Mayoría Relativa,Distrito Federal,D,PROPIETARIO,mariocarrillomx,MarioCarrilloHuerta,,
101,Castaños Valenzuela Carlos Humberto,PAN,Representación Proporcional,Sinaloa,D,PROPIETARIO,carloscastanos,,,www.carloscastanos.com/
102,Castillo Rodríguez Minerva,PRI,Mayoría Relativa,Chihuahua,D,PROPIETARIO,minervacr1,minervacastillorodriguez,,http://minervadiputada.blogspot.mx/
103,Castillo Valdez Benjamín,PRI,Mayoría Relativa,Baja California,D,PROPIETARIO,,Benjamin-Castillo-Valdez,,http://benjamincastillo.mx/
104,Castro Trenti Fernando Jorge,PRI,Representación Proporcional,Baja California,D,PROPIETARIO,FCastroTrenti ,CastroTrenti,,
105,Cedillo Hernández Ángel,PRD,Representación Proporcional,México,D,PROPIETARIO,,angel.cedillohernandez,,
106,Cerda Franco María Sanjuana,PANAL,Representación Proporcional,Nuevo León,D,PROPIETARIO,sanjuanitacerda ,,,
107,Ceseñas Chapa María del Socorro,PRD,Representación Proporcional,Nuevo León,D,PROPIETARIO,socorrocesenas,socorrocesenaschapa,,
108,Chan Lugo Sergio Augusto,PAN,Representación Proporcional,Yucatán,D,PROPIETARIO,DipChanLugo,sergio.chan.14,,
109,Charleston Hernández Fernando,PRI,Mayoría Relativa,Veracruz,D,PROPIETARIO,fercharleston,FernandoCharleston,fercharleston,
110,Chávez Dávalos Sergio Armando,PRI,Mayoría Relativa,Jalisco,D,PROPIETARIO,SergioChavez_D,sergio.chavezdavalos,,
111,Contreras Ceballos Armando,PRD,Mayoría Relativa,Michoacán,D,PROPIETARIO,,armando.contrerasceballos,,
112,Copete Zapot Yazmín de los Angeles,PRD,Representación Proporcional,Veracruz,D,PROPIETARIO,,,,
113,Córdova Bernal Martha Beatriz,MC,Representación Proporcional,Chihuahua,D,PROPIETARIO,,,,
114,Córdova Díaz Luis Armando,PRI,Mayoría Relativa,Jalisco,D,PROPIETARIO,,dipluiscordova,,
115,Córdova Morán Frine Soraya,PRI,Representación Proporcional,Puebla,D,PROPIETARIO,,,,
116,Corona Nakamura María del Rocío,PRI,Representación Proporcional,Jalisco,D,PROPIETARIO,RocioCoronaNkm,rociocoronanakamura,,
117,Coronado Quintanilla Alberto,PAN,Mayoría Relativa,Nuevo León,D,PROPIETARIO,Coronadomx,Coronadomx,,
118,Coronato Rodríguez José Francisco,MC,Mayoría Relativa,Morelos,D,PROPIETARIO,f_coronato,franciscocoronato,,www.franciscocoronato.com
119,Corrales Corrales Francisca Elena,PRI,Mayoría Relativa,Sinaloa,D,PROPIETARIO,paquiscorrales,paquis.corrales,,
120,Cortázar Lara Gerardo Maximiliano,PAN,Representación Proporcional,Distrito Federal,D,PROPIETARIO,maxcortazarl,,,
121,Cortés Berumen Isaías,PAN,Representación Proporcional,Jalisco,D,PROPIETARIO,Isaias_Cortes,isaias.cortes.73,,
122,Cruz Mendoza Eufrosina,PAN,Representación Proporcional,Oaxaca,D,PROPIETARIO,EufrosinaOax,Eufrosina-Cruz-Mendoza/127327573950848,,http://www.quiego.org/
123,Cruz Morales Maricruz,PRI,Representación Proporcional,México,D,PROPIETARIO,,maricruz.c.morales,,
124,Cruz Ramírez Arturo,PRD,Mayoría Relativa,México,D,PROPIETARIO,,,,
125,Cuéllar Reyes Fernando,PRD,Mayoría Relativa,Distrito Federal,D,PROPIETARIO,,fernando.cuellarreyes,,
126,Cuéllar Steffan Antonio,PVEM,Representación Proporcional,Aguascalientes,D,PROPIETARIO,Cuellar_Steffan,antonio.c.steffan,,
127,Cuevas Mena Mario Alejandro,PRD,Representación Proporcional,Yucatán,D,PROPIETARIO,,,,
128,Curi Naime Alberto,PRI,Mayoría Relativa,México,D,PROPIETARIO,AlbertoCuri,AlbertoCuriNaime,,
129,Dávila Delgado Mario Alberto,PAN,Mayoría Relativa,Coahuila,D,PROPIETARIO,mario_dipancoah,mario.daviladelgado,,http://mariodavila.mx/
130,De Jesús Alejandro Carlos,PRD,Mayoría Relativa,Guerrero,D,PROPIETARIO,,carlos.dejesusalejandro.7,,
131,De la Cruz Requena Rosalba,PRI,Mayoría Relativa,Tamaulipas,D,PROPIETARIO,Rosalbasextodis,Rosalba-De-la-Cruz-Requena/284018958344352,,
132,De la Rosa Anaya Andrés,PAN,Representación Proporcional,Baja California,D,PROPIETARIO,Adelarosa14//AdelaRosaBC,,,
133,De la Rosa Escalante Arturo,PAN,Mayoría Relativa,Baja California Sur,D,PROPIETARIO,arturodelarosa_,Arturodelarosadiputado,,
134,De la Rosa Peláez Sebastián Alfonso,PRD,Mayoría Relativa,Guerrero,D,PROPIETARIO,Delarosapelaez,sebastiandelarosapelaez,,http://sebastiandelarosa.blogspot.mx/
135,De la Vega Membrillo Jorge Federico,PRD,Mayoría Relativa,México,D,PROPIETARIO,,jorge.delavegamembrillo,,
136,De las Fuentes Hernández Fernando Donato,PRI,Mayoría Relativa,Coahuila,D,PROPIETARIO,,fernando.delasfuentes.1,,
137,Del Ángel Acosta Jorge,PRI,Representación Proporcional,Veracruz,D,PROPIETARIO,JDAADiputado,jorge.delangelacosta,,
138,Del Moral Vela Paulina Alejandra,PRI,Mayoría Relativa,México,D,PROPIETARIO,AlejandraDMV,AlejandraDelMoralVela,alejandradelmoral1,
139,Delgadillo González Claudia,PRI,Mayoría Relativa,Jalisco,D,PROPIETARIO,ClauDelgadillo1,Claudia-Delgadillo-González/168661083194412,,www.esconclaudia.org
140,Díaz Athié Antonio de Jesús,PRI,Mayoría Relativa,Chiapas,D,PROPIETARIO,aDiazAthie,,,
141,Díaz Palacios Víctor Emanuel,PRI,Mayoría Relativa,Puebla,D,PROPIETARIO,victordoficial,victordoficial,,
142,Díaz Trujillo Alberto,PAN,Mayoría Relativa,México,D,PROPIETARIO,betodiazt,alberto.d.trujillo.9,,
143,Diego Cruz Eva,PRD,Mayoría Relativa,Oaxaca,D,PROPIETARIO,evdiec,eva.diegocruz,,
144,Diez Francos Juan Manuel,PRI,Mayoría Relativa,Veracruz,D,PROPIETARIO,juanmanuel10f//DiezFrancos,JuanManuelDiezFrancos,,
145,Doger Guerrero José Enrique,PRI,Mayoría Relativa,Puebla,D,PROPIETARIO,EnriqueDogerPue,Enrique-Doger-Guerrero/114847730537,,
146,Domínguez Zepeda Pedro Ignacio,PRI,Mayoría Relativa,Chihuahua,D,PROPIETARIO,Pedro_Dgz,PedroDgz,,
147,Dorador Pérez Gavilán Rodolfo,PAN,Representación Proporcional,Durango,D,PROPIETARIO,Dorador1,  ,,http://www.dorador.org/datos/pdf/acercade.pdf
148,Duarte Murillo José Ignacio,PRI,Mayoría Relativa,Chihuahua,D,PROPIETARIO,Nacho_Duarte_,nachoduartemurillo,NachoDuarteMurillo,http://nachoduarte.com/
149,Duarte Ortuño Catalino,PRD,Mayoría Relativa,Guerrero,D,PROPIETARIO,catalino_duarte,catalino.duarteortuno.5,,
150,Durazo Montaño Francisco Alfonso,MC,Representación Proporcional,Sonora,D,PROPIETARIO,alfonsodurazo,,,
151,Elizondo Ramírez Irma,PRI,Mayoría Relativa,Coahuila,D,PROPIETARIO,,,irmaelizondo,http://www.irmaelizondo.com/
152,Escajeda Jiménez José Rubén,PRI,Mayoría Relativa,Durango,D,PROPIETARIO,ruben_escajeda,ruben.escajedajimenez/270016893080471,,
153,Escobar y Vega Arturo,PVEM,Representación Proporcional,Distrito Federal,D,PROPIETARIO,arturoesc,,,
154,Espinosa Cházaro Luis Angel Xariel,PRD,Mayoría Relativa,Distrito Federal,D,PROPIETARIO,Luischazaro11,luis.chazaro.5,,
155,Esquivel Zalpa José Luis,PRD,Mayoría Relativa,Michoacán,D,PROPIETARIO,JOSELUISESQUIV9,joseluis.esquivelzalpa,,
156,Félix Chávez Faustino Francisco,PRI,Mayoría Relativa,Sonora,D,PROPIETARIO,FaustinoFelix,,,
157,Félix Hays Rubén Benjamín,PANAL,Representación Proporcional,Sinaloa,D,PROPIETARIO,renovatiomx,ruben.felixhays,,
158,Fernández Clamont Francisco Javier,PRI,Mayoría Relativa,México,D,PROPIETARIO,,francisco.clamont,,
159,Flemate Ramírez Julio César,PRI,Mayoría Relativa,Zacatecas,D,PROPIETARIO,Jflemate,flematediputado,,
160,Flores Aguayo Uriel,PRD,Mayoría Relativa,Veracruz,D,PROPIETARIO,UrielFA,uriel.floresaguayo,,
161,Flores Flores Enrique Alejandro,PAN,Representación Proporcional,San Luis Potosí,D,PROPIETARIO,enriqueflores21,enrique.a.flores.7,,
162,Flores Gómez José Luis Cruz,PRI,Mayoría Relativa,México,D,PROPIETARIO,,JoseLuisCruzFloresGomez,,
163,Flores Méndez José Luis,PRI,Mayoría Relativa,Coahuila,D,PROPIETARIO,flores_mendez,joseluis.floresmendez,,http://jlfloresmendez.blogspot.mx/
164,Flores Salazar Guadalupe Socorro,PRD,Mayoría Relativa,Distrito Federal,D,PROPIETARIO,,guadalupe.floressalazar.90,,
165,Flores Sandoval Patricio,PRI,Representación Proporcional,Jalisco,D,PROPIETARIO,,,,
166,Focil Pérez Juan Manuel,PRD,Representación Proporcional,Tabasco,D,PROPIETARIO,jmfocil,juanmanuel.focilperez,,
167,Fuentes Solís Víctor Oswaldo,PAN,Mayoría Relativa,Nuevo León,D,PROPIETARIO,victorfuentesmx,victorfuentessolis,victorfuentesmx,
168,Fuentes Téllez Adriana,PRI,Mayoría Relativa,Chihuahua,D,PROPIETARIO,AdrianaFuentesT,AdrianaFuentesT,,
169,Fujiwara Montelongo René Ricardo,PANAL,Representación Proporcional,Distrito Federal,D,PROPIETARIO,renefuji,rene.f.montelongo,,http://renefujiwara.net/
170,Funes Velázquez Erika Yolanda,PRI,Representación Proporcional,México,D,PROPIETARIO,erifunes,,,
171,Galindo Delgado David Cuauhtémoc,PAN,Mayoría Relativa,Sonora,D,PROPIETARIO,TemoGalindo,TEMOGD,,
172,Galindo Quiñones Heriberto Manuel,PRI,Representación Proporcional,Sinaloa,D,PROPIETARIO,HGalindoQ,Heriberto-Galindo-Quinones/248880631852134,,
173,Galván Villanueva Raúl Santos,PRI,Representación Proporcional,Sinaloa,D,PROPIETARIO,RSGV44,,,
174,Gamboa Song Lizbeth Loy,PRI,Representación Proporcional,Quintana Roo,D,PROPIETARIO,,LizbethGamboaSong,lizbethgamboasong,
175,Garay Cabada Marina,PRI,Mayoría Relativa,Veracruz,D,PROPIETARIO,MarinaCercaDeTi,MarinaGarayCabada,,http://marinagaraypri.com/
176,García Ramírez José Guadalupe,PAN,Mayoría Relativa,Querétaro,D,PROPIETARIO,LupeGarcia_PAN,,,
177,García Conejo Antonio,PRD,Mayoría Relativa,Michoacán,D,PROPIETARIO,,AntonioGarciaConejo,,
178,García de la Fuente Mónica,PVEM,Representación Proporcional,Aguascalientes,D,PROPIETARIO,,,,
179,García Fernández María de las Nieves,PRI,Representación Proporcional,Oaxaca,D,PROPIETARIO,DraNievesGarcia,ra-María-de-las-Nieves-García-Fernández/124079361045736,,
180,García García Héctor,PRI,Mayoría Relativa,Nuevo León,D,PROPIETARIO,LicHectorGarcia,,,
181,García González Carlos Alberto,PAN,Mayoría Relativa,Tamaulipas,D,PROPIETARIO,_CarlosGarciaG,c.a.garciaglez,,
182,García Hernández Josefina,PRI,Mayoría Relativa,Puebla,D,PROPIETARIO,,,,
183,García Medina Amalia Dolores,PRD,Representación Proporcional,Distrito Federal,D,PROPIETARIO,,AmaliaDGarciaMedina,AGMentrevistas,
184,García Olmedo María del Rocío,PRI,Mayoría Relativa,Puebla,D,PROPIETARIO,rgolmedo,RocioGarciaOlmedo,,
185,García Reyes Verónica,PRD,Representación Proporcional,Michoacán,D,PROPIETARIO,,veronica.garciareyes.90,,
186,García Rojas Mariana Dunyaska,PAN,Representación Proporcional,Veracruz,D,PROPIETARIO,DunyaskaPANVer,nuevaetapa,,http://www.marianadunyaska.com/
187,García de la Cadena Romero María del Carmen,PRI,Mayoría Relativa,Puebla,D,PROPIETARIO,MariCarmenTehua,maricarmengarciadelacadena,,
188,Garfias Gutiérrez Lucila,PANAL,Representación Proporcional,México,D,PROPIETARIO,DipLGarfias,lucila.garfias,,
189,Garza Cadena Ana Lilia,PVEM,Representación Proporcional,Baja California,D,PROPIETARIO,algcadena,ana.l.cadena,,
190,Garza Moreno María Esther,PRI,Mayoría Relativa,Guanajuato,D,PROPIETARIO,,eliminado3698,,
191,Garza Ruvalcaba Marcelo,PRD,Representación Proporcional,Nuevo León,D,PROPIETARIO,,,,
192,Gastélum Buenrostro Juan Manuel,PAN,Mayoría Relativa,Baja California,D,PROPIETARIO,JmGastelumB,juanmanuel.gastelum.3,,
193,Gaudiano Rovirosa Gerardo,PRD,Mayoría Relativa,Tabasco,D,PROPIETARIO,GerardoGaudiano,gerardo.gaudiano,,http://www.gerardogaudiano.com/
194,Gauna Ruiz de León Celia Isabel,PRI,Mayoría Relativa,Jalisco,D,PROPIETARIO,celiagauna,CeliaGaunaRuiz,,
195,Gómez Ramírez Raúl,PAN,Mayoría Relativa,Guanajuato,D,PROPIETARIO,,DipRaulGomezRamirez,,
196,Gómez Carmona Blanca Estela,PRI,Mayoría Relativa,México,D,PROPIETARIO,blancaegomez23,blancaestelagomezcarmona,,
197,Gómez Gómez Luis,PRI,Mayoría Relativa,Chiapas,D,PROPIETARIO,,,,
198,Gómez Gómez Pedro,PRI,Mayoría Relativa,Chiapas,D,PROPIETARIO,,Pedro-Gomez-Gomez/106624386085275,,
199,Gómez Míchel Gabriel,PRI,Mayoría Relativa,Jalisco,D,PROPIETARIO,,DrGabrielGomezMichel,,
200,Gómez Olguín Roy Argel,PRI,Mayoría Relativa,Nayarit,D,PROPIETARIO,RoyGomezOlguin,roy.g.olguin,,
201,Gómez Pozos Merilyn,MC,Representación Proporcional,Jalisco,D,PROPIETARIO,MerilynGomezP,MerilynGomezPozos,,
202,Gómez Tueme Amira Griselda,PRI,Representación Proporcional,Tamaulipas,D,PROPIETARIO,,,,
203,González Serna José Ángel,PAN,Mayoría Relativa,Aguascalientes,D,PROPIETARIO,Diputado_Paquin,joseangelglezoficial,José Ángel González Paquín,www.joseangelgonzalezpaquin.org
204,González Aguilar Lázara Nelly,PAN,Representación Proporcional,Tamaulipas,D,PROPIETARIO,nellysenadora,lazaranelly.gonzalezaguila,,www.nellygonzalez.org
205,González Barrios Rodrigo,PRD,Representación Proporcional,Nayarit,D,PROPIETARIO,prensargb,RGBnay,RGBnay,www.rodrigogonzalezbarrios.com
206,González Bautista Valentín,PRD,Mayoría Relativa,México,D,PROPIETARIO,,,,
207,González Carrillo Adriana,PAN,Representación Proporcional,México,D,PROPIETARIO,AdriGlezCar,agc.contectodirecto,adrglezcar,www.adrianagonzalez.com.m
208,González Cruz Cristina,PRI,Mayoría Relativa,México,D,PROPIETARIO,cristinaglez39,Cristina-gonzalez-cruz,cristinaglez39,
209,González Farías Eligio Cuitláhuac,PRI,Mayoría Relativa,Michoacán,D,PROPIETARIO,G_ELIGIO8,Eligio.Gonzalez,,eligiogonzalezfarias.com
210,González Gómez Cecilia,PRI,Mayoría Relativa,Jalisco,D,PROPIETARIO,ceciliadiputada,,,
211,González Luna Bueno Federico José,PVEM,Representación Proporcional,Veracruz,D,PROPIETARIO,,,,
212,González Magallanes Alfa Eliana,PRD,Representación Proporcional,Coahuila,D,PROPIETARIO,,,,
213,González Manríquez Víctor Rafael,PAN,Representación Proporcional,Oaxaca,D,PROPIETARIO,VictorGoman,vgonzalezmanriquez,,
214,González Martínez Olivares Irazema,PRI,Mayoría Relativa,México,D,PROPIETARIO,Irazema_G,irazemagonzalez,,www.irazemagonzalez.com.mx
215,González Morfín José,PAN,Representación Proporcional,Michoacán,D,PROPIETARIO,jglezmorfin,José-González-Morfín,,
216,González Reséndiz Rafael,PRI,Mayoría Relativa,Jalisco,D,PROPIETARIO,rafaelgresendiz,RafaGonzález'5,,
217,González Roldán Luis Antonio,PANAL,Representación Proporcional,México,D,PROPIETARIO,,,,
218,González Valdez Marco Antonio,PRI,Mayoría Relativa,Nuevo León,D,PROPIETARIO,,marcoprinl,MARCO ANTONIO GONZÁLEZ VALDEZ,
219,González Vargas Francisco,PRI,Mayoría Relativa,Hidalgo,D,PROPIETARIO,PacoGonzalezV,Paco.Glez.V,PacoGlezV2012,
220,Gordillo Castillo Néstor Octavio,PAN,Mayoría Relativa,Puebla,D,PROPIETARIO,NestorGordillo,NestorGordillo.PAN,,www.nestorgordillo.org.mx
221,Grajales Palacios Francisco,PRI,Mayoría Relativa,Chiapas,D,PROPIETARIO,pacograj,francisco.grajalespalacios,,
222,Gualito Castañeda Rosalba,PRI,Mayoría Relativa,México,D,PROPIETARIO,RosalbaGualito,rosalba.gualito,Rosalba Gualito,
223,Guerra Garza Abel,PRI,Mayoría Relativa,Nuevo León,D,PROPIETARIO,AbelGuerraG,Abel-Guerra,abelguerragza,www.abelguerra.com
224,Guerrero López Judit Magdalena,PVEM,Mayoría Relativa,Zacatecas,D,PROPIETARIO,JuditGuerrero3,JuditGuerreroL,juditguerrero,www.juditguerrero.mx
225,Guevara González Javier Filiberto,PRI,Mayoría Relativa,Puebla,D,PROPIETARIO,filiguevaraglez,,,
226,Gurrión Matías Samuel,PRI,Mayoría Relativa,Oaxaca,D,PROPIETARIO,samygurrion,Samuel-Gurrión,,
227,Gutiérrez Álvarez Harvey,PRI,Mayoría Relativa,Chiapas,D,PROPIETARIO,HarveyGutierrez,harvey.gutierrez.alvarez,HARVEY GUTIERREZ,
228,Gutiérrez de la Garza Héctor Humberto,PRI,Mayoría Relativa,Nuevo León,D,PROPIETARIO,HectorHGutierre,HectorGutierrezG,,www.hectorgutierrez.com
229,Guzmán Díaz Delfina Elizabeth,PRD,Mayoría Relativa,Oaxaca,D,PROPIETARIO,GuzmanDelfina,Delfina-Guzman,,
230,Heredia Lizárraga Martín Alonso,PAN,Mayoría Relativa,Sinaloa,D,PROPIETARIO,MartinHeredia8,MartínHerediaH,,www.herediamazatlan.wordpress
231,Hernández Burgos Gaudencio,PRI,Mayoría Relativa,Veracruz,D,PROPIETARIO,GauHernandez,GaudencioHB,,
232,Hernández González Noé,PRI,Mayoría Relativa,Veracruz,D,PROPIETARIO,NoeHdez_2012,NoeHernandez.diputado,,
233,Hernández Íñiguez Adriana,PRI,Mayoría Relativa,Michoacán,D,PROPIETARIO,Adriana_hi,ady.hernandez.lp,,www.adrianahernandez.mx
234,Hernández Morales Mirna Esmeralda,PRI,Mayoría Relativa,Hidalgo,D,PROPIETARIO,mirnahermo,mirna.hernandez.965,,
235,Hernández Tapia Gerardo Xavier,PRI,Mayoría Relativa,México,D,PROPIETARIO,,,,
236,Herrera Delgado Jorge,PRI,Mayoría Relativa,Durango,D,PROPIETARIO,jherreradelgado,Jorge-Herrera-Delgado,,
237,Hirata Chico Gilberto Antonio,PRI,Mayoría Relativa,Baja California,D,PROPIETARIO,gilbertohiratac,gilbertohirata,gilbertohiratatv,
238,Huerta Ladrón de Guevara Manuel Rafael,PT,Mayoría Relativa,Distrito Federal,D,PROPIETARIO,,,,
239,Huerta Rea María de Jesús,PRI,Representación Proporcional,Nuevo León,D,PROPIETARIO,maryhuertarea,,,
240,Huidobro González Zuleyma,MC,Representación Proporcional,Puebla,D,PROPIETARIO,ZuleymaHuidobro,ZuHuidobro,,
241,Hurtado Gallegos José Antonio,MC,Mayoría Relativa,Distrito Federal,D,PROPIETARIO,DIP_JOSEANTONIO,DIPUTADOJOSEANTONIOHURTADO,,
242,Inzunza Montoya Alfonso,PRI,Mayoría Relativa,Sinaloa,D,PROPIETARIO,Ponchin_Inzunza,alfonso.inzunzamontoya,Alfonso Inzunza Montoya,
243,Issa Salomón Juan Marcos,PRI,Mayoría Relativa,Coahuila,D,PROPIETARIO,salomonjm,,,
244,Jardines Fraire Jhonatan,PRD,Mayoría Relativa,Distrito Federal,D,PROPIETARIO,jhonjardines,jhonjardines,,
245,Jarquín López Hugo,PRD,Mayoría Relativa,Oaxaca,D,PROPIETARIO,jarquin_hugo,Hugo-Jarquin,,
246,Jiménez Castillo Blanca,PAN,Mayoría Relativa,Puebla,D,PROPIETARIO,"BlancaJC
",Bjimcas,Blancajimenezc,www.blancajimenezaccion.blogspot.com
247,Jiménez Cerrillo Raquel,PAN,Representación Proporcional,Querétaro,D,PROPIETARIO,DipRaquelJC,Raquel-Jimenez-Cerrillo,,
248,Jiménez Esquivel María Teresa,PAN,Mayoría Relativa,Aguascalientes,D,PROPIETARIO,TereJimenezE,,,
249,Jorrín Lozano Víctor Manuel,MC,Mayoría Relativa,Guerrero,D,PROPIETARIO,Vjorrin,,,
250,Juárez Piña Verónica Beatriz,PRD,Representación Proporcional,Jalisco,D,PROPIETARIO,juarezvero,,,
251,King de la Rosa Raymundo,PRI,Mayoría Relativa,Quintana Roo,D,PROPIETARIO,raymundoking,kingraymundo,raymundokingdelarosa,www.raymundokingdelarosa.com.mx
252,Labastida Sotelo Karina,PAN,Representación Proporcional,México,D,PROPIETARIO,,karina.labastidasotelo,,
253,Larrazábal Bretón Fernando Alejandro,PAN,Mayoría Relativa,Nuevo León,D,PROPIETARIO,FerLarrazabal,FernandoLarrazabal,,
254,León Mendívil José Antonio,PRD,Representación Proporcional,Veracruz,D,PROPIETARIO,,joseantonio.leonmendivil,,
255,Licea González Margarita,PAN,Representación Proporcional,Jalisco,D,PROPIETARIO,MargaritaLicea,margarita.licea,,
256,Liceaga Arteaga Gerardo Francisco,PRI,Mayoría Relativa,México,D,PROPIETARIO,GerardoLiceaga,Dip-Gerardo-Liceaga-Arteaga,,
257,Llanas Alba José Alejandro,PAN,Mayoría Relativa,Tamaulipas,D,PROPIETARIO,AlexLlanasAlba,AlexLlanasAlba,,
258,López Alvarado Jaime Chris,PRI,Mayoría Relativa,Baja California,D,PROPIETARIO,ChrisLopezBC,ChrisLopezBC,,
259,López Cándido José Arturo,PT,Mayoría Relativa,Distrito Federal,D,PROPIETARIO,jalopezcandido,diparchi,,
260,López Cisneros José Martín,PAN,Mayoría Relativa,Nuevo León,D,PROPIETARIO,,,,
261,López González Roberto,PRD,Representación Proporcional,Jalisco,D,PROPIETARIO,,,,
262,López Landero Leticia,PAN,Mayoría Relativa,Veracruz,D,PROPIETARIO,LetyLopez_2012,,,
263,López Landero Tomás,PRI,Mayoría Relativa,Veracruz,D,PROPIETARIO,TomasLopezL,tomaslopezl,tomaslopezlandero,
264,López López Raudel,PAN,Representación Proporcional,Aguascalientes,D,PROPIETARIO,,raudel.calvillo,,
265,López Moreno Lourdes Adriana,PVEM,Mayoría Relativa,Chiapas,D,PROPIETARIO,Lulu_Chiapas,LourdesLopezPVEMD1,,www.lourdeslopezmoreno.com.mx
266,López Noriega Alejandra,PAN,Mayoría Relativa,Sonora,D,PROPIETARIO,alejandralopesn,AlejandraLopezNoriega.org,AlejandraLopezN,www.alejandralopeznoriega.com
267,López Rosado Roberto,PRD,Representación Proporcional,Oaxaca,D,SUPLENTE,rosadolpez,roberto.lopezrosado.7,RobertoRosado16,
268,Carlos Octavio Castellanos Mijares,PVEM,Representación Proporcional,Chiapas,D,SUPLENTE,,,,
269,López Suárez Roberto,PRD,Representación Proporcional,Zacatecas,D,PROPIETARIO,LopezSurez,roberto.lopezsuarez.5,,
270,López Zavala Javier,PRI,Representación Proporcional,Puebla,D,PROPIETARIO,JavierLZavala//JavierLZavala2,JavierLopezZavala,,
271,Lorenzini Rangel Julio César,PAN,Mayoría Relativa,Puebla,D,PROPIETARIO,,,,
272,Lugo Barriga Patricia,PAN,Representación Proporcional,Colima,D,PROPIETARIO,Patricia_LugoB,patricia.lugobarriga,,
273,Luna Porquillo Roxana,PRD,Representación Proporcional,Puebla,D,PROPIETARIO,RoxanaLunaP,roxana.luna.961,,
274,Macías Sandoval Raúl,PRI,Representación Proporcional,México,D,PROPIETARIO,,,,
275,Madrid Tovilla Arely,PRI,Representación Proporcional,Chiapas,D,PROPIETARIO,Arely_Madrid,Arely-Madrid-Tovilla,arelymadridtovilla,
276,Magaña Zepeda María Angélica,PRI,Mayoría Relativa,Jalisco,D,PROPIETARIO,,angelica.prijicotepec,,
277,Maldonado Hernández Fernando Alfredo,PRI,Mayoría Relativa,México,D,PROPIETARIO,FerMaldonadoDip,FernandoMaldonadoHDZ,FernandoMaldonadoHDZ,www.fernandomaldonado.mx
278,Maldonado Salgado José Valentín,PRD,Mayoría Relativa,Distrito Federal,D,PROPIETARIO,,,,
279,Manríquez González Víctor Manuel,PRD,Representación Proporcional,Michoacán,D,PROPIETARIO,,victormanuelmanriquezgonzalez,,
280,Manzur Quiroga José Sergio,PRI,Mayoría Relativa,México,D,PROPIETARIO,Manzur_Jose,,JoséManzurQuiroga,www.josemanzurquiroga.mx
281,Márquez Martínez José Luis,PRI,Mayoría Relativa,Puebla,D,PROPIETARIO,ppmarquez12,PepeMarquezMartinez,,
282,Márquez Velasco Silvia,PRI,Mayoría Relativa,México,D,PROPIETARIO,SilviaMarquezVe,silvia.marquezvelasco1,,
283,Martel Cantú Laura Ximena,PVEM,Representación Proporcional,Distrito Federal,D,PROPIETARIO,XimenaMartelC,,,
284,Martínez Cárdenas Esther Angélica,PRI,Mayoría Relativa,San Luis Potosí,D,PROPIETARIO,,EstherAngelicaMartinez,,
285,Martínez Martínez Juan Luis,MC,Mayoría Relativa,Oaxaca,D,PROPIETARIO,JLMartinez62,,,
286,Martínez Rojas Andrés Eloy,PRD,Mayoría Relativa,Morelos,D,PROPIETARIO,eloycam2012,eloymartinezrojas,,
287,Martínez Santillán María del Carmen,PT,Representación Proporcional,Michoacán,D,PROPIETARIO,,,,
288,Mayorga Delgado Nuvia Magdalena,PRI,Representación Proporcional,Hidalgo,D,PROPIETARIO,Nuvia_Mayorga,NuviaMayorga,,
289,Medina Filigrana Marcos Rosendo,PRD,Mayoría Relativa,Tabasco,D,PROPIETARIO,Marcos_Rosendo,marcosrosendo.medinafiligrana,,
290,Medrano Galindo Gabriela,PVEM,Representación Proporcional,Quintana Roo,D,PROPIETARIO,gabymedrano83,,,
291,Mejía Berdeja Ricardo Sóstenes,MC,Representación Proporcional,Guerrero,D,PROPIETARIO,Ricardomeb,ricardo.mejiaberdeja,RicardoMejiaBerdeja,
292,Mejía Guardado Julisa,PRD,Representación Proporcional,México,D,PROPIETARIO,,,,
293,Melchor Vásquez Angélica Rocío,PRD,Representación Proporcional,Oaxaca,D,PROPIETARIO,rociomvasquez,angelicarocio.melchorvasquez,,
294,Méndez Denis Lorena,MC,Mayoría Relativa,Tabasco,D,PROPIETARIO,loremendezd ,lorenadiputada,,
295,Méndez Martínez Mario Rafael,PRD,Mayoría Relativa,Oaxaca,D,PROPIETARIO,DiputadoRafael,,,
296,Mendoza Curiel María Leticia,PRI,Mayoría Relativa,Jalisco,D,PROPIETARIO,lety_mc,,,www.leticiamendoza9.com
297,Mendoza Garza Jorge,PRI,Representación Proporcional,Nuevo León,D,PROPIETARIO,,,,
298,Mercado Gallegos Sonia Catarina,PRI,Mayoría Relativa,Durango,D,PROPIETARIO,katy_mercado,katy.mercadogallegos,KatyMercado,
299,Merlín García María del Rosario,PRD,Mayoría Relativa,Guerrero,D,PROPIETARIO,RosarioMerlin,rosario.merlingarcia,,
300,Micalco Méndez Rafael Alejandro,PAN,Representación Proporcional,Puebla,D,PROPIETARIO,rafamicalco,rafael.micalcomendez,,
301,Mícher Camarena Martha Lucía,PRD,Mayoría Relativa,Distrito Federal,D,PROPIETARIO,malumicher,MaluMicher,,http://www.malumicher.mx/
302,Miranda Munive Emilse,PRI,Mayoría Relativa,Hidalgo,D,PROPIETARIO,EmilseMiranda1,EmilseMirandaMunive,,
303,Miranda Salgado Marino,PRD,Mayoría Relativa,Guerrero,D,PROPIETARIO,MarinoMiranda,marino.mirandasalgado,,
304,Moctezuma Oviedo María Guadalupe,PRD,Representación Proporcional,Veracruz,D,PROPIETARIO,,guadalupe.moctezumaoviedo,,
305,Mojica Morga Teresa de Jesús,PRD,Representación Proporcional,Guerrero,D,PROPIETARIO,teremojica,,teremojicamorga,
306,Mondragón González María Guadalupe,PAN,Representación Proporcional,México,D,PROPIETARIO,Lupita_Mondrag,guadalupe.mondragon,,
307,Monreal Ávila Ricardo,MC,Representación Proporcional,Distrito Federal,D,PROPIETARIO,RicardoMonrealA,ricardomonreala,,
308,Montalvo Hernández Ramón,PRD,Representación Proporcional,México,D,PROPIETARIO,,ramon.montalvohernandez2,,
309,Montano Guzmán José Alejandro,PRI,Mayoría Relativa,Veracruz,D,PROPIETARIO,lejandromontano,josealejandromontanoguzman,,
310,Montes Alvarado Abraham,PRI,Mayoría Relativa,Chihuahua,D,PROPIETARIO,AbrahamMontesD5,AbrahamMontesAlvarado,,
311,Morales Flores Jesús,PRI,Mayoría Relativa,Puebla,D,PROPIETARIO,JMFdiputado,jesus.moralesflores.921,,
312,Morales López Carlos Augusto,PRD,Mayoría Relativa,Distrito Federal,D,PROPIETARIO,carlosaugusto24,carlosaugusto.moraleslopez,,
313,Morales Vargas Trinidad Secundino,PRD,Representación Proporcional,Distrito Federal,D,PROPIETARIO,,,,
314,Moreno Árcega José Isidro,PRI,Mayoría Relativa,México,D,PROPIETARIO,IsidroMor,isidromorenoarcega,,
315,Moreno Cárdenas Rafael Alejandro,PRI,Representación Proporcional,Campeche,D,PROPIETARIO,alitomorenoc,,,
316,Moreno Montoya José Pilar,PRI,Mayoría Relativa,Aguascalientes,D,PROPIETARIO,Jpilarmoreno,PilarMorenoMontoya,,http://www.pilarmoreno.org/
317,Moreno Rivera Israel,PRD,Mayoría Relativa,Distrito Federal,D,PROPIETARIO,IsraelMorRiv,israelmorenor,,
318,Moreno Rivera Julio César,PRD,Representación Proporcional,Distrito Federal,D,PROPIETARIO,julioc_moreno,Julio-César-Moreno-Rivera-en-el-DF/232348680135562,JULIOCESARMORENOVC,http://www.juliocesarmoreno.com/
319,Morgan Navarrete Tania Margarita,PAN,Representación Proporcional,Sinaloa,D,PROPIETARIO,taniammorgan,taniammorgann,,
320,Mota Ocampo Gisela Raquel,PRD,Representación Proporcional,Morelos,D,PROPIETARIO,,GiselaRaquelMotaOcampo,,
321,Muñiz Martínez Dulce María,PRI,Mayoría Relativa,Hidalgo,D,PROPIETARIO,Dulce_Muniz,,,http://www.dulcemuniz.org.mx/
322,Muñoz Kapamas Felipe de Jesús,PRI,Representación Proporcional,Distrito Federal,D,PROPIETARIO,,,,
323,Muñoz Márquez Juan Carlos,PAN,Representación Proporcional,Guanajuato,D,PROPIETARIO,jcmunozmarquez,jcmunozmarquez,jcmunozmarquez,
324,Muñoz Soria José Luis,PRD,Mayoría Relativa,Distrito Federal,D,PROPIETARIO,,ing.joseluismunoz,,http://jose-luis-munozsoria.blogspot.mx/
325,Murguía Lardizabal Luis Alfredo,PRI,Mayoría Relativa,Chihuahua,D,PROPIETARIO,Dipluismurguia,luismurguia04,,
326,Murillo Karam Jesús,PRI,Representación Proporcional,Hidalgo,D,PROPIETARIO,MurilloKaram,,,
327,Nájera Medina Víctor Reymundo,PRD,Mayoría Relativa,Morelos,D,PROPIETARIO,najeramedina,victorreymundonajeramedina,,http://victornajeramedina.com/
328,Narcía Álvarez Héctor,PVEM,Mayoría Relativa,Chiapas,D,PROPIETARIO,NarciaHector,hector.narciaalvarez,,
329,Nava Gómez José Everardo,PRI,Mayoría Relativa,San Luis Potosí,D,PROPIETARIO,,joseeverardo.navagomez,,
330,Navarrete Contreras Joaquina,PRD,Mayoría Relativa,México,D,PROPIETARIO,JoaquinaNC,joaquina.prd,,
331,Navarrete Vital Ma. Concepción,PRI,Mayoría Relativa,Guanajuato,D,PROPIETARIO,,,,
332,Navarro de Alva César Reynaldo,PRI,Mayoría Relativa,México,D,PROPIETARIO,reynaldoixt12,,,
333,Neblina Vega Heberto,PAN,Representación Proporcional,Sonora,D,PROPIETARIO,,,,
334,Niáves López Ossiel Omar,PRI,Mayoría Relativa,Jalisco,D,PROPIETARIO,,,,
335,Niño de Rivera Vela Homero Ricardo,PAN,Mayoría Relativa,Nuevo León,D,PROPIETARIO,HomeroNR,HomeroNR,homeronrtv,
336,Nolasco Ramírez Yesenia,PRD,Representación Proporcional,Distrito Federal,D,PROPIETARIO,ynolasco2,yesenia.nolascoramirez,,
337,Núñez Aguilar Ernesto,PVEM,Mayoría Relativa,Michoacán,D,PROPIETARIO,ernesto_nu,Ernestonu,ernestonunezaguilar,
338,Núñez Monreal Magdalena del Socorro,PT,Representación Proporcional,Zacatecas,D,PROPIETARIO,DMagdaNM,MagdaNunezMonreal,prensamagdalenapt,
339,Núñez Sánchez Gloria Elizabeth,PRI,Mayoría Relativa,Nayarit,D,PROPIETARIO,dipglorianunez,Gloria-Elizabeth-Nuñez-Sanchez,gloria nuñez,http://glorianunezsanchez.org/
340,Ochoa Gallegos Williams Oswaldo,PRI,Mayoría Relativa,Chiapas,D,PROPIETARIO, WillyOchoaG,willyochoagallegos,willyochoag,http://www.willyochoa.com.mx/
341,Ochoa González Arnoldo,PRI,Representación Proporcional,Colima,D,PROPIETARIO,ArnoldoOchoa_,arnoldo.ochoagonzalez,,http://www.arnoldoochoa.org.mx/
342,Ochoa López Nabor,PVEM,Representación Proporcional,Colima,D,PROPIETARIO, NaborOchoa1,nabor.ochoalopez.5,,
343,Oliveros Usabiaga José Luis,PAN,Mayoría Relativa,Guanajuato,D,PROPIETARIO, chelisoliveros,jlusabiaga,,
344,Olvera Barrios Cristina,PANAL,Representación Proporcional,Distrito Federal,D,PROPIETARIO,DipCristina,cristina.olverabarrios,,
345,Olvera Correa Luis,PRI,Mayoría Relativa,Michoacán,D,PROPIETARIO,LuisOlveraPri,LuisOlveraOficial,,
346,Ordaz Martínez María del Carmen,PRI,Mayoría Relativa,Yucatán,D,PROPIETARIO,OrdazMaricarmen ,mariadelcarmen.ordazmartinez,,
347,Orihuela García Javier,PRD,Mayoría Relativa,Morelos,D,PROPIETARIO,,ingjavier.orihuelagarcia,,
348,Orive Bellinger Adolfo,PT,Representación Proporcional,Distrito Federal,D,PROPIETARIO,Adolfo_OriveB,Adolfo-Orive/133491186663318,,
349,Orozco Gómez Javier,PVEM,Representación Proporcional,México,D,PROPIETARIO,,,,
350,Orta Coronado Marcelina,PAN,Mayoría Relativa,Tamaulipas,D,PROPIETARIO,,,,
351,Ortega Pacheco Guadalupe del Socorro,PRI,Representación Proporcional,Yucatán,D,PROPIETARIO,,,,
352,Ortiz Ahlf Loretta,PT,Representación Proporcional,Distrito Federal,D,PROPIETARIO,,,,
353,Ortiz García Salvador,PRI,Mayoría Relativa,Michoacán,D,PROPIETARIO,Salvador_OrtizG,ChavaOrtizGarcia,,
354,Ortiz Mantilla María Isabel,PAN,Mayoría Relativa,Puebla,D,PROPIETARIO,MarisaOrtizM,marisaortiz2012,,
355,Othón Zayas Máximo,PAN,Mayoría Relativa,Sonora,D,PROPIETARIO,MaximoOthon,MaximoOthonZayas,,http://maximoothon.com/
356,Oviedo Herrera J. Jesús,PAN,Mayoría Relativa,Guanajuato,D,PROPIETARIO,JesusOviedoH,Jesús-Oviedo-Herrera,,
357,Pacheco Díaz Germán,PAN,Mayoría Relativa,Tamaulipas,D,PROPIETARIO,GermanPachecoDi,GPachecoDiputado,GPachecoDiputado,
358,Pacheco Rodríguez Ricardo Fidel,PRI,Representación Proporcional,Durango,D,PROPIETARIO,,Ricardo-Pacheco-Rodriguez,,
359,Padilla Fierro Román Alfredo,PRI,Mayoría Relativa,Sinaloa,D,PROPIETARIO,,romanalfredo.padillafierro,,
360,Padilla Navarro Cesario,PRI,Mayoría Relativa,Jalisco,D,PROPIETARIO,CESARIOPADILLA,,,
361,Padilla Ramos Carla Alicia,PVEM,Representación Proporcional,México,D,PROPIETARIO,cpadillaramos,Dip-Carla-Alicia-Padilla-Ramos,carlapadillaramos,http://carlapadilla.com.mx/
362,Pantoja Hernández Leslie,PAN,Representación Proporcional,Sonora,D,PROPIETARIO,lesliepantoja,Leslie-Pantoja,,
363,Pariente Gavito María del Rosario de Fátima,PVEM,Mayoría Relativa,Chiapas,D,PROPIETARIO,RosarioPariente,chachitapariente,,
364,Paz Alonzo Raúl,PAN,Mayoría Relativa,Yucatán,D,PROPIETARIO,RaulPaz_IV,RaulPazAlonzo,,http://www.raulpazalonzo.com/
365,Pazzi Maza Zita Beatriz,PRI,Mayoría Relativa,Veracruz,D,PROPIETARIO,ZitaPazzi,Zita-Pazzi-Maza,,
366,Pedraza Aguilera Flor de María,PAN,Representación Proporcional,Distrito Federal,D,PROPIETARIO,FlorPedraza,flor.p.aguilera.3,,
367,Pelayo Covarrubias Francisco,PAN,Mayoría Relativa,Baja California Sur,D,PROPIETARIO,,panchopelayocovarrubias,,
368,Peña Avilés Gerardo,PAN,Mayoría Relativa,Sinaloa,D,PROPIETARIO,GerardoElArquiP,Gerardo-Peña-Aviles/201711533258429,Gerardo Peña Avilés,
369,Pérez Anzueto Hugo Mauricio,PRI,Mayoría Relativa,Chiapas,D,PROPIETARIO,AnzuetoDiputado,hugo.perezanzueto,,
370,Pérez Camarena Carmen Lucía,PAN,Representación Proporcional,Jalisco,D,PROPIETARIO,Lucyperez2012,lucia.perez.9655,,
371,Pérez de Alba José Noel,PRI,Mayoría Relativa,Jalisco,D,PROPIETARIO,chachodiputado,noel.perezdealba,,
372,Pérez Escalante Elvia María,PRI,Representación Proporcional,Campeche,D,PROPIETARIO,perezelviam,elvia.perezescalante.75,,
373,Pérez Hernández Rosa Elba,PVEM,Mayoría Relativa,Guanajuato,D,PROPIETARIO,rosaelba3,Rosa-Elba-Perez,,http://rosaelbaperez.com/
374,Pérez Tejada Padilla David,PVEM,Mayoría Relativa,Baja California,D,PROPIETARIO,davidptp07,davidptp07,,http://www.davidpereztejada.com/
375,Ponce Orozco Norma,PRI,Mayoría Relativa,México,D,PROPIETARIO,NormaPonceO,NormaPonceE,normaponcetv,
376,Porras Pérez Pedro,PRD,Representación Proporcional,México,D,PROPIETARIO,,pedro.porrasperez,,
377,Portillo Martínez Vicario,PRD,Mayoría Relativa,Guerrero,D,PROPIETARIO,,vicario.portillomartinez,,
378,Posadas Hernández Domitilo,PRD,Representación Proporcional,México,D,PROPIETARIO,PrensaDomitiloP,domitiloposadas,,http://domitiloposadashernandez.com.mx/
379,Prieto Herrera Humberto Armando,PAN,Mayoría Relativa,Tamaulipas,D,PROPIETARIO,Betoprietoh,,,
380,Quian Alcocer Eduardo Román,PRI,Mayoría Relativa,Quintana Roo,D,PROPIETARIO,RomanQuian,RomanQuianAlcocer,romanquiantv,www.RomanQuian.com.mx
381,Quiñones Canales Lourdes Eulalia,PRI,Representación Proporcional,Durango,D,PROPIETARIO,lourdesquinones,Lourdes-Quiñones-Canales,,
382,Quintana León Socorro de la Luz,PRI,Mayoría Relativa,Michoacán,D,PROPIETARIO,SocorroQuintan/quintanasoc,socorroql,http://www.youtube.com/channel/UCzBHL3oNrdYk387d_6KvHLQ,
383,Quintana Salinas Esther,PAN,Mayoría Relativa,Coahuila,D,PROPIETARIO,estherquintanas,esther.quintanasalinas,,
384,Quiroga Anguiano Karen,PRD,Mayoría Relativa,Distrito Federal,D,PROPIETARIO,KarenQuirogaA,KarenQuirogaAnguiano,,http://www.karenquiroga.mx/
385,Ramírez Aguilar Óscar Eduardo,PVEM,Mayoría Relativa,Chiapas,D,PROPIETARIO,,oscareduardo.ramirezaguilar,,
386,Ramírez Diez Gutiérrez María Concepción,PAN,Representación Proporcional,San Luis Potosí,D,PROPIETARIO,conchitadiez,ConchitaMX,,http://conchita.mx/
387,Ramírez Romero Luis Miguel,PAN,Representación Proporcional,Morelos,D,PROPIETARIO,,luismiguelramirezromero,luismiguelrrpan,
388,Rangel Espinosa José,PRI,Mayoría Relativa,México,D,PROPIETARIO,,,,
389,Rangel Segovia Alejandro,PRI,Mayoría Relativa,Guanajuato,D,PROPIETARIO,conalexrangel,conalexrangel1,conalexrangel,http://www.conalexrangel.com/
390,Reina Lizárraga José Enrique,PAN,Mayoría Relativa,Sonora,D,PROPIETARIO,EnriqueRL,Enrique-Reina,enriquereinal,http://www.enriquereina.com/web/
391,Rellstab Carreto Tanya,PRI,Mayoría Relativa,México,D,PROPIETARIO,TANYA_RELLSTAB,tanya.rellstabcarreto,,
392,Retamoza Vega Patricia Elena,PRI,Representación Proporcional,Jalisco,D,PROPIETARIO,pattyretamoza,Patricia-Retamoza-Vega,,
393,Reyes Gamíz Roberto Carlos,PRD,Mayoría Relativa,Distrito Federal,D,PROPIETARIO,ReyesGamiz,,,http://carlosreyesgamiz.blogspot.mx/
394,Reyes Montiel Carla Guadalupe,PRD,Representación Proporcional,México,D,PROPIETARIO,,carla.reyesmontiel,,
395,Reza Gallegos Rocío Esmeralda,PAN,Representación Proporcional,Chihuahua,D,PROPIETARIO,Rocio_Reza,DiputadaRocioReza,,
396,Ricalde Magaña Alicia Concepción,PAN,Representación Proporcional,Quintana Roo,D,PROPIETARIO,AliciaRicaldeOf,aliciaconcepcion.ricaldemagana,,
397,Rincón Chanona Sonia,PANAL,Representación Proporcional,Chiapas,D,PROPIETARIO,SoniaRinconC,Sonia-Rincón-Chanona,,
398,Rivadeneyra Hernández Alfredo,PAN,Representación Proporcional,México,D,PROPIETARIO,arivadeneyrah,,,
399,Rivera Villanueva Erick Marte,PAN,Representación Proporcional,Hidalgo,D,PROPIETARIO,,erickmarte.riveravillanueva,,
400,Robledo Leal Ernesto Alfonso,PAN,Mayoría Relativa,Nuevo León,D,PROPIETARIO,Alfonso_Robledo,AlfonsoRobledoL,AlfonsoRobledoL,http://www.alfonsorobledo.com/
401,Roblero Gordillo Héctor Hugo,PT,Representación Proporcional,Chiapas,D,PROPIETARIO,,hectorhugo.roblerogordillo,,
402,Robles Aguirre Mayra Karina,PRI,Mayoría Relativa,Baja California,D,PROPIETARIO,MayraRoblesA,Mayra-Karina-Robles-Aguirre,,
403,Rocha Piedra Juan Manuel,PRI,Mayoría Relativa,Nayarit,D,PROPIETARIO,,RochaPiedra,Juan Manuel Rocha Piedra,
404,Rodríguez Doval Fernando,PAN,Representación Proporcional,Distrito Federal,D,PROPIETARIO,ferdoval,FerRodriguezDoval,Fernando Doval,
405,Rodríguez Montero Francisco Tomás,PRD,Mayoría Relativa,Morelos,D,PROPIETARIO,,,,
406,Rodríguez Vallejo Diego Sinhue,PAN,Mayoría Relativa,Guanajuato,D,PROPIETARIO,diegosinhue,diegosinhue.rodriguezvallejo,,
407,Rojo García de Alba José Antonio,PRI,Mayoría Relativa,Hidalgo,D,PROPIETARIO,Joseantoniorojo,,,
408,Román Bojórquez Jesús Tolentino,PRI,Mayoría Relativa,México,D,PROPIETARIO,,JesusTolentinoRomanBojorquez,,
409,Romero Sevilla Leonor,PAN,Representación Proporcional,Tlaxcala,D,PROPIETARIO,LeonorAzul,leonorfuerzaazul,,
410,Romero Guzmán Rosa Elia,PT,Mayoría Relativa,Oaxaca,D,PROPIETARIO,RomeroRosaElia,Rosa-Elia-Romero-Guzman,,
411,Romero Lozano María Fernanda,MC,Representación Proporcional,Tabasco,D,PROPIETARIO,,,,
412,Romero Valencia Salvador,PRI,Mayoría Relativa,Michoacán,D,PROPIETARIO,ChavoRomero,SalvadorRomeroValencia,SALVADOR ROMERO VALENCIA,
413,Romo Fonseca Bárbara Gabriela,PVEM,Mayoría Relativa,Zacatecas,D,PROPIETARIO,barbararomo,BarbaraRomoF,Barbara Romo Fonseca,
414,Rosas Montero Lizbeth Eugenia,PRD,Mayoría Relativa,Distrito Federal,D,PROPIETARIO,,,,
415,Rosiñol Abreu Jorge,PAN,Representación Proporcional,Campeche,D,PROPIETARIO,RosinolJorge,,,
416,Rubio Lara Blas Ramón,PRI,Mayoría Relativa,Sinaloa,D,PROPIETARIO,BLASRUBIO_,,,
417,Ruiz Arriaga Genaro,PRI,Mayoría Relativa,Veracruz,D,PROPIETARIO,GenaroRuizA,genaroruizarriaga,,
418,Ruiz Moronatti Roberto,PRI,Mayoría Relativa,México,D,PROPIETARIO,,,RMORONATTI,
419,Ruiz Sandoval Cristina,PRI,Mayoría Relativa,México,D,PROPIETARIO,CristinaRuiz_S,ruizscristina,cristinanaucalpan,
420,Sada Pérez Verónica,PAN,Representación Proporcional,Nuevo León,D,PROPIETARIO,VeroSadaP,,,
421,Sahui Rivero Mauricio,PRI,Mayoría Relativa,Yucatán,D,PROPIETARIO,mauriciosahui,MauricioSahui,mauriciosahuirivero,
422,Salazar Trejo Jessica,PRD,Mayoría Relativa,México,D,PROPIETARIO,jessica91398273,jessica.salazartrejo.9,,
423,Saldaña Fraire Graciela,PRD,Mayoría Relativa,Quintana Roo,D,PROPIETARIO,GracielaSaldana,,saldanagraciela,
424,Saldaña Hernández Margarita,PAN,Representación Proporcional,Distrito Federal,D,PROPIETARIO,MargaretSaldana,Msaldanah,,
425,Salgado Delgado Fernando,PRI,Representación Proporcional,México,D,PROPIETARIO,,,,
426,Salgado Parra Jorge,PRD,Mayoría Relativa,Guerrero,D,PROPIETARIO,jorgesalgado10//jorgesalgadop,jorgesalgado10,SalgadoPtv,
427,Salgado Peña Abel Octavio,PRI,Mayoría Relativa,Jalisco,D,PROPIETARIO,SalgadoAbel,AbelSalgadoPena,abelsalgadopena,
428,Salinas Mendiola Glafiro,PAN,Mayoría Relativa,Tamaulipas,D,PROPIETARIO,GlafiroSalinas,Glafiro-Salinas-Mendiola,Glafiro Salinas Mendiola,
429,Salinas Garza José Arturo,PAN,Representación Proporcional,Nuevo León,D,PROPIETARIO,jarturosalinas,,,
430,Salinas Narváez Javier,PRD,Representación Proporcional,México,D,PROPIETARIO,DipJSalinas,javier.salinasnarvaez.9,javiersalinasnarvaez,
431,Salinas Pérez Josefina,PRD,Representación Proporcional,México,D,PROPIETARIO,,,,
432,Sámano Peralta Miguel,PVEM,Mayoría Relativa,México,D,PROPIETARIO,Miguelsamanop,miguelsamanop,SamanoMiguel,
433,Sampayo Ortiz Ramón Antonio,PAN,Representación Proporcional,Tamaulipas,D,PROPIETARIO,rasampayo,ramonantonio.sampayoortiz,,
434,Samperio Montaño Juan Ignacio,MC,Representación Proporcional,México,D,PROPIETARIO,,,,
435,Sánchez Ruiz Mario,PAN,Representación Proporcional,Sonora,D,PROPIETARIO,mariosanchez_m,mario.sanchezruiz.397,,
436,Sánchez Camacho Alejandro,PRD,Mayoría Relativa,Distrito Federal,D,PROPIETARIO,,Sánchez Camacho Alejandro,alejandrosanchez76,
437,Sánchez Cruz Leopoldo,PRI,Mayoría Relativa,Veracruz,D,PROPIETARIO,SanchezLeopoldo,leopoldo.pri,,
438,Sánchez Romero Carlos,PRI,Mayoría Relativa,Puebla,D,PROPIETARIO,CandidatoCarlos,Carlos-Sánchez-Romero,,
439,Sánchez Santiago María Guadalupe,PRI,Mayoría Relativa,Tlaxcala,D,PROPIETARIO,lupita_snchez,,,
440,Sánchez Torres Guillermo,PRD,Representación Proporcional,Distrito Federal,D,PROPIETARIO,,guillermo.sancheztorres.39,,
441,Sansores Sastre Antonio,PRD,Mayoría Relativa,Tabasco,D,PROPIETARIO,AntonioSansores,AntonioSansoresSastre,ANTONIOSANSORES,
442,Schroeder Verdugo María Fernanda,PRI,Mayoría Relativa,Baja California,D,PROPIETARIO,,FernandaPorTi02,,
443,Serralde Martínez Víctor,PAN,Mayoría Relativa,Veracruz,D,PROPIETARIO, Vserralde,VictorSerraldeMartinez,,
444,Serrano Toledo Rosendo,PRD,Representación Proporcional,Oaxaca,D,PROPIETARIO,RosendoSerranoT,rosendo.serranotoledo,,
445,Sosa Altamira William Renan,PRI,Mayoría Relativa,Yucatán,D,PROPIETARIO,WilliamSosaA,WilliamSosaAltamira,,
446,Sosa Govea Martha Leticia,PAN,Representación Proporcional,Colima,D,PROPIETARIO,martha_sosa1,marthaleticia.sosagovea,MarthaSosaGovea,
447,Soto Martínez José,MC,Mayoría Relativa,Oaxaca,D,PROPIETARIO,josesm2,diputadojose.soto,José Soto Martínez,
448,Sotomayor Chávez Jorge Francisco,PAN,Mayoría Relativa,Distrito Federal,D,PROPIETARIO,Jorge_Sotomayor,sotomayor.jorge,jorgesotomayor15,
449,Talamante Lemas Dora María Guadalupe,PANAL,Representación Proporcional,Sonora,D,PROPIETARIO,Dora_Talamante,DoraMariaTalamante,,
450,Tapia Fonllem Margarita Elena,PRD,Representación Proporcional,Distrito Federal,D,PROPIETARIO,elena_tapiaf,margaritaelena.tapiafonllem,elenatapiafonllem,
451,Terán Guevara María Rebeca,PRI,Mayoría Relativa,San Luis Potosí,D,PROPIETARIO,,,,
452,Terán Juárez Jorge,PRI,Mayoría Relativa,San Luis Potosí,D,PROPIETARIO,,jorge.teranjuarez,,
453,Torres Cofiño Marcelo de Jesús,PAN,Mayoría Relativa,Coahuila,D,PROPIETARIO,marcelotorresc,marcelotorresc,marcelotorrescofino,
454,Torres Félix Sergio,PRI,Mayoría Relativa,Sinaloa,D,PROPIETARIO,SergioTorresCLN,sergiotorresfelix,,
455,Torres Flores Araceli,PT,Representación Proporcional,Veracruz,D,PROPIETARIO,,,,
456,Torres Mercado Tomás,PVEM,Representación Proporcional,Zacatecas,D,PROPIETARIO,Tomas_Torres,tomastorresmercado,,
457,Tovar Aragón Crystal,PRD,Representación Proporcional,Chihuahua,D,PROPIETARIO,CrystalTovar ,Crystal-Tovar-Aragón,,
458,Trejo Reyes José Isabel,PAN,Representación Proporcional,Zacatecas,D,PROPIETARIO,,joseisabel.trejo,joseisabeltrejo,
459,Treviño Cantú Javier,PRI,Representación Proporcional,Nuevo León,D,PROPIETARIO,javier_trevino,,javiertrevino,
460,Treviño Villarreal Pedro Pablo,PRI,Mayoría Relativa,Nuevo León,D,PROPIETARIO,PedroPabloTrev,PedroPabloTrevino,pedropablotrevino,
461,Ugalde Alegría Aurora Denisse,PRI,Mayoría Relativa,México,D,PROPIETARIO,denisse_ugalde,DenisseUgaldeAlegria,denisseugaldealegria,
462,Urciel Castañeda María Celia,PAN,Representación Proporcional,Nayarit,D,PROPIETARIO,,,,
463,Uribe Padilla Juan Carlos,PAN,Representación Proporcional,México,D,PROPIETARIO,,juancarlos.uribepadilla,Juan Carlos Uribe Padilla,
464,Valanci Buzali Simón,PRI,Representación Proporcional,Chiapas,D,PROPIETARIO,DipSimonValanci,,,
465,Valdés Palazuelos Jesús Antonio,PRI,Mayoría Relativa,Sinaloa,D,PROPIETARIO,ChuyValdesP,jesusvaldespalazuelos,,
466,Valencia Ramírez Aída Fabiola,MC,Mayoría Relativa,Oaxaca,D,PROPIETARIO,aidavalencialox, aidafvalencia,,
467,Valladares Couoh Cinthya Noemí,PAN,Representación Proporcional,Yucatán,D,PROPIETARIO,Cinthyavalladar,Cinthya-Valladares-Couoh,,
468,Valle Magaña José Luis,MC,Representación Proporcional,Jalisco,D,PROPIETARIO,@PepeValleM,,,
469,Valles Sampedro Lorenia Iveth,PRD,Representación Proporcional,Sonora,D,PROPIETARIO,LoreniaValles,Dip-Lorenia-Valles-Sampedro,Lorenia Valles Sampedro,
470,Vargas Martín del Campo Elizabeth,PAN,Mayoría Relativa,Guanajuato,D,PROPIETARIO,lizvargasmc,lizvargas.mc,,
471,Vargas Pérez Nelly del Carmen,MC,Representación Proporcional,Tabasco,D,PROPIETARIO,Nelly_Vargas,NellyVargasPerez,,
472,Vargas Vargas Laura Guadalupe,PRI,Mayoría Relativa,Puebla,D,PROPIETARIO,gpe_vargas1,lauraguadalupevargasvargas1,,
473,Vásquez Villanueva Martín de Jesús,PRI,Representación Proporcional,Oaxaca,D,PROPIETARIO,EquipoMVV,martin.vasquezvillanueva,vasquezvillanueva,
474,Vázquez Parissi Ponciano,PRI,Mayoría Relativa,Veracruz,D,PROPIETARIO,PoncianoVP,ponciano.vazquez,,
475,Vázquez Saut Regina,PRI,Mayoría Relativa,Veracruz,D,PROPIETARIO,Regina_Vazquez,ReginaVazquezSaut,ReginaVazquezTV,
476,Vega Vázquez José Humberto,PT,Mayoría Relativa,Tlaxcala,D,PROPIETARIO,,josehumberto.vegavazquez,,
477,Vela Reyes Marco Alonso,PRI,Mayoría Relativa,Yucatán,D,PROPIETARIO,MarcoVelaR,marcoalonso.velareyes,,
478,Velasco Orozco Víctor Hugo,PRI,Mayoría Relativa,Hidalgo,D,PROPIETARIO,VictorVelascoO,victor.velascoorozco.1,,
479,Velázquez Díaz María Guadalupe,PRI,Mayoría Relativa,Guanajuato,D,PROPIETARIO,Dip_Lupita,María Guadalupe Velázquez Díaz,,
480,Velázquez Ramírez Diana Karina,PRI,Mayoría Relativa,Chihuahua,D,PROPIETARIO,DianaKarinaVR,DKVR09,,
481,Velázquez Sánchez Maricela,PRI,Representación Proporcional,Morelos,D,PROPIETARIO,MaricelaMVS,maricelamvs,,
482,Villafuerte Trujillo Amilcar Augusto,PVEM,Mayoría Relativa,Chiapas,D,PROPIETARIO,,,,
483,Villalobos Seañez Jorge Iván,PAN,Representación Proporcional,Sinaloa,D,PROPIETARIO,JVillalobosS,JorgeVillalobosS,,
484,Villanueva Albarrán Gerardo,MC,Mayoría Relativa,Distrito Federal,D,PROPIETARIO,VillanuevaSi,dip.villanueva,,
485,Villarreal García Ricardo,PAN,Mayoría Relativa,Guanajuato,D,PROPIETARIO,VillarrealRic,RicardoVillarrealGarcia01,,
486,Villarreal García Luis Alberto,PAN,Representación Proporcional,Guanajuato,D,PROPIETARIO,VillarrealGTO,luis.a.villarreal.98,,
487,Villaseñor Gudiño Blanca María,PRI,Representación Proporcional,Michoacán,D,PROPIETARIO,,villasenorgudino,,
488,Villaseñor Vargas María de la Paloma,PRI,Representación Proporcional,Distrito Federal,D,PROPIETARIO,palomavpri,palomavillasenorv,,
489,Vital Vera Martha Edith,PVEM,Representación Proporcional,Chiapas,D,PROPIETARIO,,,,
490,Vitela Rodríguez Alma Marina,PRI,Mayoría Relativa,Durango,D,PROPIETARIO,Marina_Vitela,Marina.Vitela2012,Marina Vitela,
491,Yamamoto Cázares Beatriz Eugenia,PAN,Representación Proporcional,Guanajuato,D,PROPIETARIO,BettyYamamoto,BettyYamamoto57,,
492,Yáñez Robles Elizabeth Oswelia,PAN,Representación Proporcional,Guanajuato,D,PROPIETARIO,BetsieYanez,,,
493,Zacarías Capuchino Darío,PRI,Mayoría Relativa,México,D,PROPIETARIO,DARIODIPUTADO,dipdario.zacariascapuchino,,
494,Zamora García Alfredo,PAN,Representación Proporcional,Baja California Sur,D,PROPIETARIO,,alfredo.zamoragarcia.31,,
495,Zamora Morales Fernando,PRI,Mayoría Relativa,México,D,PROPIETARIO,Fernando_Zamora,Fernando-Zamora-Morales,,
496,Zárate Salgado Fernando,PRD,Mayoría Relativa,Distrito Federal,D,PROPIETARIO,FernandoZarateS,,,
497,Zavala Peniche María Beatriz,PAN,Representación Proporcional,Yucatán,D,PROPIETARIO,BeatrizZavala,beatrizzavalapeniche,beatrizzavala,
498,Zavaleta Salgado Ruth,PVEM,Representación Proporcional,Distrito Federal,D,PROPIETARIO,Zavaleta_Ruth,ruth.zavaleta.338,,
499,Zepeda Vidales Damián,PAN,Mayoría Relativa,Sonora,D,PROPIETARIO,damianzepeda,,,
500,Zepeda González Francisco Alberto,PRI,Mayoría Relativa,Colima,D,PROPIETARIO,PicoZepeda,,,
,,,,,,,,,,
,SENADORES,,,,,,,,,
501,Aispuro Torres José Rosas,PAN,Primera Minoría,Durango,S,PROPIETARIO,AispuroDurango,JoseRosasAispuroTorres,,
502,Albores Gleason Roberto Armando,PRI,Mayoría Relativa,Chiapas,S,PROPIETARIO,ralbores,Albores.Gleason,tuvozesmipalabra,
503,Alcalá Ruiz Blanca María del Socorro,PRI,Mayoría Relativa,Puebla,S,PROPIETARIO,SoyBlancaAlcala,SoyBlancaAyala,,
504,Álvarez García Ivonne Liliana,PRI,Mayoría Relativa,Nuevo León,S,PROPIETARIO,alvarez_ivonne,IvonneAlvarezGarcia,IvonneSenado,www.ivonnealvarez.com
505,Amador Gaxiola Daniel,PRI,Mayoría Relativa,Sinaloa,S,PROPIETARIO,danielamadorg,danielamadorgaxiola,danielamadorgaxiola,www.danielamador.org
506,Araujo Lara Angélica del Rosario,PRI,Primera Minoría,Yucatán,S,PROPIETARIO,AngelicaAraujo,Angélica-Araujo-Lara,angelicaaraujolara,www.angelicaarujo.com.mx
507,Arriola Gordillo Mónica Tzasna,PANAL,Representación Proporcional,,S,PROPIETARIO,MonicaArriola,MonicaArriolaG,,
508,Ávila Ruiz Daniel Gabriel,PAN,Mayoría Relativa,Yucatán,S,PROPIETARIO,danielavilamx,danielgabrielavila,,danielavilaruiz.mx
509,Ayala Almeida Joel,PRI,Representación Proporcional,,S,PROPIETARIO,JoelAyalaA,,,
510,Barbosa Huerta Luis Miguel Gerónimo,PRD,Representación Proporcional,,S,PROPIETARIO,SenBarbosa,Lmiguel.Barbos,LMiguelBarbosa,
511,Barrales Magdaleno María Alejandra,PRD,Mayoría Relativa,Distrito Federal,S,PROPIETARIO,Ale_BarralesM,AlejandraBarrales,AlejandraBarralesM,www.alejandrabarrales.com.mx
512,Barrera Tapia María Elena,PVEM,Mayoría Relativa,México,S,PROPIETARIO,mariaelenabt,MariaElenaBarreraT,mariaelenabt,
513,Barroso Agramont Ricardo,PRI,Mayoría Relativa,Baja California Sur,S,PROPIETARIO,RicardoBarrosoA,RicardoBarrosoAgramont,,www.ricardobarroso.com.mx
514,Bartlett Díaz Manuel,PT,Representación Proporcional,,S,PROPIETARIO,ManuelBartlett,manuel.bartlettdiaz.9,,
515,Beristain Navarrete Luz María,PRD,Primera Minoría,Quintana Roo,S,PROPIETARIO,LuzMaBeristain,beristain.luz.maria,luzmaberistain,www.luzmariaberistain.com
516,Blásquez Salinas Marco Antonio,PT,Primera Minoría,Baja California,S,PROPIETARIO,marcobla2,MarcoAntonioBlásquezSalinasSomosunaBonitaFamilia,Marco Blasquez,
517,Burgos García Enrique,PRI,Primera Minoría,Querétaro,S,PROPIETARIO,EnriqueBurgosG,EnriqueBurgosQro,EnriqueBurgosG2012,www.enriqueburgosgarcia.com
518,Búrquez Valenzuela Francisco de Paula,PAN,Primera Minoría,Sonora,S,PROPIETARIO,,,,
519,Calderón Hinojosa Luisa María de Guadalupe,PAN,Representación Proporcional,,S,PROPIETARIO,CocoaCalderon,Cocoa.Calderón.H,luisamariacalderon,
520,Camacho Solís Víctor Manuel,PRD,Representación Proporcional,,S,PROPIETARIO,,Manuel-Camacho-Solìs,,
521,Casillas Romero Jesús,PRI,Mayoría Relativa,Jalisco,S,PROPIETARIO,JesusCasillas06,jesuscasillas06,Jcasillas06,www.jesuscasillas.com
522,Cavazos Lerma Manuel,PRI,Primera Minoría,Tamaulipas,S,PROPIETARIO,mclsenador,Manuel-Cavazos-Lerma,manuelcavazoslerma,
523,Cervantes Andrade Raúl,PRI,Representación Proporcional,,S,PROPIETARIO,,,,
524,Chico Herrera Miguel Ángel,PRI,Primera Minoría,Guanajuato,S,PROPIETARIO,MiguelChicoOfl,ChicoHerreraMA,,
525,Cordero Arroyo Ernesto Javier,PAN,Representación Proporcional,,S,PROPIETARIO,ErnestoCordero,ernestocorderoarroyo,ErnestoCorderoA,ernestocordero.mx
526,Corral Jurado Javier,PAN,Primera Minoría,Chihuahua,S,PROPIETARIO,Javier_Corral,javiercorralj,JavierCorralJurado,www.javiercorral.org
527,Cota Jiménez Manuel Humberto,PRI,Mayoría Relativa,Nayarit,S,PROPIETARIO,ManuelCota,Manuel-Cota-Jimenez,,
528,Cuéllar Cisneros Lorena,PRD,Mayoría Relativa,Tlaxcala,S,PROPIETARIO,LorenaCuellar,LorenaCuellarCisneros,,
529,Cuevas Barrón Gabriela,PAN,Representación Proporcional,,S,PROPIETARIO,GabyCuevas,EstoyConGaby,EstoyConGaby,www.gabrielacuevas.org
530,Dávila Fernández Adriana,PAN,Primera Minoría,Tlaxcala,S,PROPIETARIO,AdrianaDavilaF,Adriana-Dávila,Adriana Dávila Fernández,
531,De la Peña Gómez Angélica,PRD,Representación Proporcional,,S,PROPIETARIO,angelicadelap,angelica.delapenagomez,Angelicadelapena,
532,Delgado Carrillo Mario Martín,PRD,Mayoría Relativa,Distrito Federal,S,PROPIETARIO,mario_delgado1,mariodelgadocarrillo,mariodelgadocarrillo,www.mariodf.mx
533,Demédicis Hidalgo Fidel,PRD,Mayoría Relativa,Morelos,S,PROPIETARIO,fideldemedicis,Fidel-Demédicis-Hidalgo,,
534,Díaz Lizama Rosa Adriana,PAN,Mayoría Relativa,Yucatán,S,PROPIETARIO,RosaAdrianaMx,,,
535,Díaz Salazar María Cristina,PRI,Representación Proporcional,,S,PROPIETARIO,Cristina_Diaz_S,RosaAdrianaDiazLizama,,
536,Domínguez Servién Francisco,PAN,Mayoría Relativa,Querétaro,S,PROPIETARIO,,Francisco-Domínguez-Servién,,
537,Encinas Rodríguez Alejandro de Jesús,PRD,Primera Minoría,México,S,PROPIETARIO, A_Encinas_R,UnidosPodemosMas,sandraprd1,www.alejandroencinas.com.mx
538,Escudero Morales Pablo,PVEM,Primera Minoría,Distrito Federal,S,PROPIETARIO,Pabloescuderom,Pablo-Escudero-Morales,,
539,Fayad Meneses Omar,PRI,Mayoría Relativa,Hidalgo,S,PROPIETARIO,omarfayad,Omar-Fayad,omarfayadm,www.omarfayad.org.mx
540,Fernández Aguirre Braulio Manuel,PRI,Primera Minoría,Coahuila,S,PROPIETARIO,brauliomfdz,brauliomanuelfdz,,
541,Flores Escalera Hilda Esthela,PRI,Representación Proporcional,,S,PROPIETARIO,HildaFloresE,HildaFloresE,HildaFloresE,www.hildaflores.org
542,Flores Ramírez Juan Gerardo,PVEM,Representación Proporcional,,S,PROPIETARIO,GerardoFloresR,,,
543,Flores Sánchez Margarita,PRI,Mayoría Relativa,Nayarit,S,PROPIETARIO,,MargaritaFloresNayarit,PNMMARGARITA,
544,Gamboa Patrón Emilio Antonio,PRI,Representación Proporcional,,S,PROPIETARIO,Emilio_Gamboa_,EmilioGamboaPatron,,
545,Gándara Camou Ernesto,PRI,Mayoría Relativa,Sonora,S,PROPIETARIO,EGandaraC,borregogandara,,www.ernestogandara.mx
546,García Gómez Martha Elena,PAN,Primera Minoría,Nayarit,S,PROPIETARIO,MarthaElena_GG,pazytrabajo,marthaelena2011,
547,García Cabeza de Vaca Francisco Javier,PAN,Mayoría Relativa,Tamaulipas,S,PROPIETARIO,fgcabezadevaca,franciscogarciacabezadevaca,,
548,Garza Galván Silvia Guadalupe,PAN,Mayoría Relativa,Coahuila,S,PROPIETARIO,silvia_garza,silvia.garza.547,,www.silviagarza.mx
549,Gastélum Bajo Diva Hadamira,PRI,Representación Proporcional,,S,PROPIETARIO,divagastelum,DivaGastelum,,
550,Gil Zuarth Roberto,PAN,Representación Proporcional,,S,PROPIETARIO,rgilzuarth,Roberto-Gil-Zuarth,webmastergilz,www.robertogil.mx
551,Gómez González Arely,PRI,Representación Proporcional,,S,PROPIETARIO,SenArelyGomez,,,
552,Gómez del Campo Gurza Mariana,PAN,Representación Proporcional,,S,PROPIETARIO,marianagc,marianagomezdelcampo,marianateescucha,www.marianagomezdelcampo.mx
553,González Canto Félix Arturo,PRI,Mayoría Relativa,Quintana Roo,S,PROPIETARIO,Felix_GonzalezC,FandeFelixGonzalezCanto,felixgonzalezcanto37,
554,González Cuevas Isaías,PRI,Mayoría Relativa,Baja California Sur,S,PROPIETARIO,Isaias_CROC,IsaiasCROC,,www.isaiasgonzalez.com
555,González Martínez Jorge Emilio,PVEM,Mayoría Relativa,Quintana Roo,S,PROPIETARIO,jorge_Emilio_G,jorgeemilio.gonzalezmartínez,,
556,Gracia Guzmán Raúl,PAN,Primera Minoría,Nuevo León,S,PROPIETARIO,rgraciag,RaulGraciaG,RaulGraciaG,www.raulgracia.mx
557,Guerra Castillo Marcela,PRI,Mayoría Relativa,Nuevo León,S,PROPIETARIO,MarcelaGuerraNL,MarcelaGuerra.perfil,marcelaguerratv,www.marcelaguerra.org
558,Guevara Espinoza Ana Gabriela,PT,Representación Proporcional,,S,PROPIETARIO,AnaGabrielaGue,,,
559,Hermosillo y Celada Víctor,PAN,Mayoría Relativa,Baja California,S,PROPIETARIO,VHermosilloBC,,,www.ruffoyvictor.com
560,Hernández Deras Ismael Alfredo,PRI,Mayoría Relativa,Durango,S,PROPIETARIO,hernandezderas,Ismael-Hernández-Deras,,
561,Hernández Lecona Lisbeth,PRI,Primera Minoría,Morelos,S,PROPIETARIO,LisbethLecona,lisbeth.hernandezlecona,lisbethsenadora,
562,Herrera Ale Juana Leticia,PRI,Mayoría Relativa,Durango,S,PROPIETARIO,LetyHerreraSen,leticia.herreraale,LHADIPUTADADGO,
563,Herrera Anzaldo Ana Lilia,PRI,Mayoría Relativa,México,S,PROPIETARIO,analiliaherrera,analilia.herreraanzaldo,AnaLiliaSenadoraTV,www.analiliaherrerasenadora.mx
564,Herrera Ávila Fernando,PAN,Mayoría Relativa,Aguascalientes,S,PROPIETARIO,FHErHerreraA,Fernando-Herrera-Avila-Hombre-de-acciones-y-retos,FhernandoHerrera,
565,Irízar López Aarón,PRI,Mayoría Relativa,Sinaloa,S,PROPIETARIO,AaronIrizar,aaroniriazar,,www.aaroniriazar.mx
566,Juárez Cisneros René,PRI,Primera Minoría,Guerrero,S,PROPIETARIO,juarezcisneros,renejuarezcisnerossenador,,
567,Larios Córdova Héctor,PAN,Representación Proporcional,,S,PROPIETARIO,larioshector,hector.larioscordova,,
568,Lavalle Maury Jorge Luis,PAN,Primera Minoría,Campeche,S,PROPIETARIO,JLavalleMaury,JorgeLavalleMaury,JorgeLavalleMaury,"www.jorgelavallemaury,com.mx"
569,López Brito Francisco Salvador,PAN,Primera Minoría,Sinaloa,S,PROPIETARIO,LopezBrito_,LopezBritoSenador,,
570,López Hernández Adán Augusto,PRD,Mayoría Relativa,Tabasco,S,PROPIETARIO,adan_augusto,adanaugusto.lopezhernandez,,
571,Lozano Alarcón Javier,PAN,Primera Minoría,Puebla,S,PROPIETARIO,JLozanoA,JlozanoA,jlozanotv,
572,Maria del Pilar Ortega Martínez,PAN,Representación Proporcional,,S,SUPLENTE,pilarortega,,,piliortegamtz.blogspot.com
573,Martínez García Patricio,PRI,Mayoría Relativa,Chihuahua,S,PROPIETARIO,PatricioMtz2012,PatricioSenador,PatricioSenador,www.patriciosenador.com
574,Martínez Martínez José María,PAN,Primera Minoría,Jalisco,S,PROPIETARIO,ChemaMtzMtz,ChemaMtzMtz,josemaria2011gdl,
575,Mayans Canabal Fernando Enrique,PRD,Mayoría Relativa,Tabasco,S,PROPIETARIO,SenadorMayans ,SenFernandoMayans,SenadorMayans ,www.fernandomayans.mx
576,Mayans Canabal Humberto Domingo,PVEM,Primera Minoría,Tabasco,S,PROPIETARIO,HMayansC,Humberto-Domingo-Mayans-Canabal,,www.humbertomayans.com
577,Melgar Bravo Luis Armando,PVEM,Mayoría Relativa,Chiapas,S,PROPIETARIO,LAMelgar,LuisArmandoMelga,,
578,Mendoza Davis Carlos,PAN,Primera Minoría,Baja California Sur,S,PROPIETARIO,cmendozadavis,mendozasenador,,www.mendozasenador.x
579,Mendoza Díaz Sonia,PAN,Mayoría Relativa,San Luis Potosí,S,PROPIETARIO,SoniaMendozaSLP,SoniaMendozaOficial,,www.soniamendoza.mx
580,Mendoza Mendoza Iris Vianey,PRD,Representación Proporcional,,S,PROPIETARIO,irismmendoza,Iris-Vianey-Mendoza-Mendoza,irismmendoza,
581,Merodio Reza Lilia Guadalupe,PRI,Mayoría Relativa,Chihuahua,S,PROPIETARIO,LiliaMerodio,liliamerodioreza,,www.liliamerodio.com
582,Monreal Ávila David,PT,Primera Minoría,Zacatecas,S,PROPIETARIO,DavidMonrealA,DavidMonrealAvila,,www.davidmonreal.net
583,Morón Orozco Raúl,PRD,Primera Minoría,Michoacán,S,PROPIETARIO,raulmoronO,raulmoronorozco,raulmoronorozco,www.raulmoronorozco.com
584,Neyra Chávez Armando,PRI,Representación Proporcional,,S,PROPIETARIO,,,,
585,Orihuela Bárcenas José Ascención,PRI,Mayoría Relativa,Michoacán,S,PROPIETARIO, ChonOrihuela,chonorihuelasenador,,
586,Orozco Sandoval Martín,PAN,Mayoría Relativa,Aguascalientes,S,PROPIETARIO,MartinOrozcoAgs,MartinOrozcoAgs,MartinOrozcoTV,
587,Ortiz Domínguez Maki Esther,PAN,Mayoría Relativa,Tamaulipas,S,PROPIETARIO,MakiOrtizD,MakiOrtiz,,
588,Ortiz González Graciela,PRI,Representación Proporcional,,S,PROPIETARIO,,,,
589,Padierna Luna María de los Dolores,PRD,Representación Proporcional,,S,PROPIETARIO,Dolores_PL,DoloresPadiernaOficial,DoloresPadiernaL,www.dolorespadierna.org
590,Palafox Gutiérrez Martha,PT,Mayoría Relativa,Tlaxcala,S,PROPIETARIO,SenadoraPalafox,martha.palafoxgutierrez,,
591,Pavlovich Arellano Claudia Artemiza,PRI,Mayoría Relativa,Sonora,S,PROPIETARIO,claudiapavlovic,ClaudiaPavlovich,,www.claudiapavlovich.mx
592,Pedraza Chávez Isidro,PRD,Primera Minoría,Hidalgo,S,PROPIETARIO,I_PedrazaChavez,,,
593,Pedroza Gaitán César Octavio,PAN,Mayoría Relativa,San Luis Potosí,S,PROPIETARIO,octaviopedroza,octavio.pedroza,PedrozaOctavio,
594,Penchyna Grub David,PRI,Mayoría Relativa,Hidalgo,S,PROPIETARIO,davidpenchyna,DavidPenchyna,davidpenchyna,www.davidpenchyna.com
595,Pérez Magaña Eviel,PRI,Primera Minoría,Oaxaca,S,PROPIETARIO,EVIELPM,Eviel-Pérez-Magaña,EvielPerez,
596,Pineda Gochi María del Rocío,PRI,Mayoría Relativa,Michoacán,S,PROPIETARIO,RocioPinedaG,SenadoraRocioPineda,,
597,Pozos Lanz Raúl Aarón,PRI,Mayoría Relativa,Campeche,S,PROPIETARIO,RaulPozosMx,RaulPozosMx,RaulPozosMx,
598,Preciado Rodríguez Jorge Luis,PAN,Primera Minoría,Colima,S,PROPIETARIO,JL_Preciado_,Jorge-Luis-Preciado,,
599,Puente Salas Carlos Alberto,PVEM,Mayoría Relativa,Zacatecas,S,PROPIETARIO,CarlosPuenteZAC,carlospuentezac,,
600,Ramírez Hernández Socorro Sofío,PRD,Mayoría Relativa,Guerrero,S,PROPIETARIO,Sofio_Ramirez,,,www.sofioramirez.com.mx
601,Ríos de la Mora Itzel Sarahí,PVEM,Mayoría Relativa,Colima,S,PROPIETARIO, SoyItzelRios,itzelrioscolima,itzelrioscolima,
602,Ríos Piter Armando,PRD,Mayoría Relativa,Guerrero,S,PROPIETARIO,RiosPiterJaguar,a.riospiter,RiosPiterVision,http://tvterritoriojaguar.mx/
603,Robledo Aburto Zoe Alejandro,PRD,Primera Minoría,Chiapas,S,PROPIETARIO,zoerobledo,RobledoZoe,ZoeRobledo,http://zrobledo.blogspot.mx/
604,Robles Montoya Ángel Benjamín,PRD,Mayoría Relativa,Oaxaca,S,PROPIETARIO,BenjaminRoblesM,BenjaminRoblesOaxaca,BenjaminRoblesMont,http://benjaminrobles.org/
605,Rojas Hernández Laura Angélica,PAN,Representación Proporcional,,S,PROPIETARIO,Laura_Rojas_,LauraRojasMx,LauraRojasH,http://www.laurarojash.net/
606,Romero Celis Mely,PRI,Mayoría Relativa,Colima,S,PROPIETARIO,Mely_Romero,Mely-Romero,melyromerocelis,http://www.melyromero.mx/
607,Romero Deschamps Carlos Antonio,PRI,Representación Proporcional,,S,PROPIETARIO,,,,
608,Romero Hicks Juan Carlos,PAN,Mayoría Relativa,Guanajuato,S,PROPIETARIO,JC_RomeroHicks,juancarlosromerohicks,JCRomeroHicks,http://jcromerohicks.org/
609,Romero Lainas Adolfo,PRD,Mayoría Relativa,Oaxaca,S,PROPIETARIO,adolforomeroPRD,AdolfoRomeroLainas,,
610,Romo Medina Miguel,PRI,Primera Minoría,Aguascalientes,S,PROPIETARIO,RomoMedina_,MiguelRomoMedina,MiguelRomoMedina,
611,Rosas González Óscar Román,PRI,Mayoría Relativa,Campeche,S,PROPIETARIO,oscarrosasg,oscarrosasgonzalez,,
612,Ruffo Appel Ernesto,PAN,Mayoría Relativa,Baja California,S,PROPIETARIO,RuffoAppel,RuffoAppel,,
613,Salazar Fernández Luis Fernando,PAN,Mayoría Relativa,Coahuila,S,PROPIETARIO,SalazarLuisFer,SalazarLuisFernando,SalazarLuisFer,luisfernando.mx
614,Salazar Solorio Rabindranath,PRD,Mayoría Relativa,Morelos,S,PROPIETARIO,RabinSalazar,,,
615,Saldaña Pérez María Lucero,PRI,Mayoría Relativa,Puebla,S,PROPIETARIO,LuceroSenadora,LuceroSenadora,,
616,Salinas Sada Ninfa Clara,PVEM,Representación Proporcional,,S,PROPIETARIO,NinfaSalinas,SalinasNinfa,,
617,Sánchez García Gerardo,PRI,Representación Proporcional,,S,PROPIETARIO,GerardoSGCNC,Gerardo.Sanchez.CNC,GerardoSnchzG,
618,Sánchez Jiménez Venancio Luis,PRD,Representación Proporcional,,S,PROPIETARIO,SenLuisSanchez,,,
619,Sansores San Román Layda Elena,MC,Representación Proporcional,,S,PROPIETARIO,LaydaSansores,laydasansores,Layda2012,
620,Tello Cristerna Alejandro,PRI,Mayoría Relativa,Zacatecas,S,PROPIETARIO,ATelloC,TelloAlejandro,AtelloCr,
621,Torres Corzo Teófilo,PRI,Primera Minoría,San Luis Potosí,S,PROPIETARIO,,teofilotorrescorzo,Senador Teófilo Torres ,
622,Torres Graciano Fernando,PAN,Mayoría Relativa,Guanajuato,S,PROPIETARIO,TorresGrac,FernandoTorresGraciano,Fernando Torres ,http://fernandotorresgraciano.mx/
623,Torres Peimbert María Marcela,PAN,Mayoría Relativa,Querétaro,S,PROPIETARIO,Marce_Torres7,MarcelaTorresPeimbert1,marcelatorresp,http://www.marcelatorres.com.mx/
624,Vega Casillas Salvador,PAN,Representación Proporcional,,S,PROPIETARIO,SalvadorVegaC,salvador.vegacasillas,,
625,Yunes Landa Héctor,PRI,Mayoría Relativa,Veracruz,S,PROPIETARIO,HectorYunes,HectorYunes,HectorYunesLanda2012,http://www.hectoryunes.mx/
626,Yunes Márquez Fernando,PAN,Primera Minoría,Veracruz,S,PROPIETARIO,FYunesMarquez,fernando.yunesmarquez.5,,http://www.fernandoyunes.com/
627,Yunes Zorrilla José Francisco,PRI,Mayoría Relativa,Veracruz,S,PROPIETARIO,Pepe_Yunes,pepeyunes,PrensaPepeYunes,
628,Zamora Jiménez Arturo,PRI,Mayoría Relativa,Jalisco,S,PROPIETARIO,arturozamora,arturozamora56,arturozamora2009,http://www.arturozamora.com/